tree
version=v4
num_class=1
num_tree_per_iteration=1
label_index=0
max_feature_idx=53
objective=binary sigmoid:1
feature_names=behavioral_weight_z_score behavioral_weight_ratio_to_avg behavioral_weight_exceeds_max behavioral_is_unusual_hour behavioral_booking_hour behavioral_is_new_destination behavioral_is_new_origin behavioral_is_unusual_service behavioral_package_count_ratio behavioral_total_historical_shipments behavioral_is_low_history identity_is_new_device identity_is_new_payment_for_account identity_password_changed_recently identity_profile_updated_recently identity_account_age_days identity_is_new_account identity_is_suspended identity_is_under_investigation identity_is_verified identity_previous_fraud_cases identity_previous_review_cases payment_payment_found payment_is_new_payment_method payment_cardholder_match payment_billing_shipping_match payment_previous_transactions payment_previous_shipments payment_amount_spend_30d payment_previous_fraud_count payment_foreign_card device_device_found device_known_device device_known_for_this_account device_accounts_linked device_device_risk_score device_vpn_detected device_proxy_detected device_device_blacklisted device_ip_blacklisted device_device_linked_to_fraud device_linked_fraud_account_count address_address_found address_address_valid address_confidence_score address_is_new_destination_for_shipper address_delivery_success_rate velocity_booking_hour velocity_is_late_night velocity_is_weekend velocity_avg_daily_volume velocity_estimated_daily_rate velocity_volume_spike_detected anomaly_score
feature_infos=[-395.45367431640625:1799.9609375] [0.0018002546858042479:201.20599365234375] [0:1] [0:1] [0:23] [0:1] [0:1] [0:1] [0.012658228166401386:48] [0:2491] [0:1] [0:1] [0:1] [0:1] none [0:2575] [0:1] none none none none none none [0:1] [0:1] [0:1] [0:2449] [0:2449] [0:244900] [0:1] none none none [0:1] [1:5] none none none none none [0:1] none none none [0.60000002384185791:0.89999997615814209] [0:1] none [0:23] [0:1] [0:1] [1:79] [1:50] [0:1] [-0.20159619442601828:0.25002707758951903]
tree_sizes=3414 3357 3372 3382 3374 3384 3375 3398 3453 3413 3417 3399 3428 3433 3442 3438 3440 3444 3424 3420 3434 3424 3436 3438 3421 3450 3407 3445 3436 3429 3449 3439 3424 3427 3445 3452 3450 3448 3427

Tree=0
num_leaves=31
num_cat=0
split_feature=12 1 34 23 9 51 1 0 5 9 45 13 9 13 9 0 8 8 11 9 26 51 8 0 26 53 23 1 4 4
split_gain=3.94926e+06 4.80234e+06 1.94675e+06 76856.5 58873.2 51637.4 47416.5 33205.1 22771.6 19285.7 14954.3 21394.7 15233.8 12168.8 10927.1 9699.68 9691.49 8763.66 27006.6 24984.6 8380.01 7802.68 7259.75 7929.06 7120.17 7051.57 6077.81 8401.97 5312.06 4963.12
threshold=1.0000000180025095e-35 1.8040788769721987 3.0000000000000004 1.0000000180025095e-35 2076.5000000000005 17.500000000000004 1.5456367135047915 1.3982275128364565 1.0000000180025095e-35 2.5000000000000004 1.0000000180025095e-35 1.0000000180025095e-35 10.500000000000002 1.0000000180025095e-35 306.50000000000006 0.36441056430339819 0.6155870556831361 0.052657738327980048 1.0000000180025095e-35 245.50000000000003 1.5000000000000002 14.500000000000002 0.28209148347377783 -0.19158749282360074 108.50000000000001 -0.057496568578174333 1.0000000180025095e-35 1.6993199586868288 3.5000000000000004 19.500000000000004
decision_type=2 2 2 2 2 2 2 2 2 2 2 2 2 2 2 2 2 2 2 2 2 2 2 2 2 2 2 2 2 2
left_child=1 2 3 4 5 6 10 15 -9 13 17 12 21 20 22 -8 -10 18 -1 28 26 -12 23 -14 -21 -13 27 -2 -19 -30
right_child=9 -3 -4 -5 -6 -7 7 8 16 -11 11 25 14 -15 -16 -17 -18 19 -20 24 -22 -23 -24 -25 -26 -27 -28 -29 29 -31
leaf_value=-3.6922787833774979 -4.3723081094355969 -0.5505227998004778 -0.51524867618415326 -0.50602620182972657 -4.3420881453108375 -0.50602620182972657 -1.3245801447559513 -3.8629090536176314 -1.0104459904395258 -0.51767115286718335 -3.8409396036561181 -4.3723081094355969 -4.3723081094355969 -0.5188178953005429 -4.3723081094355969 -2.5131271323750326 -4.3723081094355969 -1.4982381593743472 -0.89813302670582562 -1.7207048816589166 -0.50602620182972657 -0.74672901342745579 -3.0205236062271048 -1.4830282745321308 -4.2349258608857392 -0.77361424585726102 -0.50602620182973013 -1.6419699255255704 -3.7402683681124613 -4.2842405699949833
leaf_weight=3233.8618037272245 8.8327759178355318 1728.22209767811 509.62464700825512 18.505308747291565 373.82088547199965 12.661527037620543 27.182082886807621 73.922750209458172 11.20098856743425 2151.1469807652757 106.29961716942489 1.5648109605535854 2.702855295501652 11.726360385306181 9.3888657633215171 46.584605338051915 2.6511260075494638 2.6204079799354068 8.6711068414151651 2.8402574537321916 3.8958544731140128 2.0772504564374676 30.642307984642684 19.549601273611188 328.91742178611457 10.463846214115618 1.9479272365570075 4.1375291217118511 2168.6688855364919 42.758295961655676
leaf_count=206662 683 3292 616 19 28683 13 467 4973 123 2703 7105 121 209 15 726 1893 205 54 76 71 4 12 1552 397 24542 66 2 97 140644 3232
internal_value=-4.32164 -2.91247 -3.49171 -3.72373 -3.73287 -3.69581 -3.70239 -2.85712 -3.51429 -0.535384 -3.72526 -3.27986 -3.42351 -1.78302 -2.80037 -2.07516 -1.65387 -3.73932 -3.68481 -3.80875 -2.57097 -3.78163 -2.52135 -1.83397 -4.2134 -1.24177 -3.11022 -3.50133 -3.74812 -3.75079
internal_weight=0 8775.4 7047.18 6537.56 6519.05 6145.23 6132.57 161.542 87.7749 2181.69 5971.03 182.689 170.66 30.5404 62.2836 73.7667 13.8521 5788.34 3242.53 2545.81 18.8141 108.377 52.8948 22.2525 331.758 12.0287 14.9182 12.9703 2214.05 2211.43
internal_count=429257 425753 422461 421845 421826 393143 393130 7661 5301 3504 385469 10188 10001 801 2884 2360 328 375281 206738 168543 786 7117 2158 606 24613 187 782 780 143930 143876
is_linear=0
shrinkage=1


Tree=1
num_leaves=31
num_cat=0
split_feature=12 1 34 9 53 26 9 4 8 0 9 0 51 4 50 26 15 0 0 9 0 26 1 8 0 50 50 1 0 53
split_gain=11071.1 34604.5 43561.4 13543 8305.21 3727.07 4204.85 2538.47 2251.75 2881.84 2335.96 2312.15 1807.47 1795.32 2175.76 2631.21 1735.87 3012 2534.19 4313.04 2757.62 2732.95 2722.41 2441.42 2378.36 2504.33 2561.01 2167.98 2127.19 1895.98
threshold=1.0000000180025095e-35 1.8040788769721987 3.0000000000000004 2115.5000000000005 -0.10064268314047371 5.5000000000000009 10.500000000000002 13.500000000000002 0.037741011008620269 -0.11307312548160552 388.50000000000006 0.092605952173471465 3.0000000000000004 14.500000000000002 28.508620262146 210.50000000000003 81.500000000000014 -0.11792415753006934 -0.20225273072719571 242.50000000000003 -0.12314926832914351 16.500000000000004 0.91899698972702037 0.25480109453201299 1.8831248283386233 19.769672393798832 20.892664909362797 0.99621841311454784 -0.19866101443767545 -0.1019986683965743
decision_type=2 2 2 2 2 2 2 2 2 2 2 2 2 2 2 2 2 2 2 2 2 2 2 2 2 2 2 2 2 2
left_child=1 2 3 4 5 -1 7 -7 9 13 11 -11 -6 -8 -15 -16 17 18 21 22 28 23 -20 -10 25 -19 27 -27 -21 -23
right_child=-2 -3 -4 -5 12 6 8 -9 16 10 -12 -13 -14 14 15 -17 -18 24 19 20 -22 29 -24 -25 -26 26 -28 -29 -30 -31
leaf_value=0.13339788249258472 0.13329606702375019 0.13422734106647832 0.13319329748466566 -0.050650464671670808 0.22215974488459733 1.4552082046062678 -0.051375621006000176 -0.051187386095818847 1.8069679575186066 0.91173979915048964 0.3002746151016128 -0.051301940649542549 0.097490538651744063 -0.051245756173808998 -0.052376141332613362 1.644108993885292 0.30248331461830075 -0.051251831407636728 1.478853327261225 1.5473736941371428 1.4421146548913473 0.27735068871208507 -0.051195091270666571 -0.051187386095818833 2.1221425074092899 -0.051955278099431637 0.25605859841471135 1.064072807225499 -0.051245270816102154 1.8440600413631794
leaf_weight=305.4919203966856 39288.579695845954 31000.193591147661 9225.7773694694042 310.51880759000778 2451.6307197306305 12.498767025768759 30.280765607953072 3.6027430929243556 6.0796005651354772 62.561637237668037 32.137123286724091 6.9221544116735449 329.8468982456252 7.7322427034378078 3.4788200408220273 6.6634157299995422 9017.0565476575866 45.910803294740617 24.609905545599762 2.3555436134338441 5.0431467294692984 68.752035276964307 3.2967001851648083 2.4924637749791145 1.7327503338456143 5.5423326641321209 85.71156267914921 20.25405848864466 17.849349651485682 1.9868681281805027
leaf_count=722 3504 3292 616 24494 58695 180 1269 159 45 1441 1132 288 3559 326 139 58 319717 2030 321 25 64 2513 145 110 11 226 3013 397 753 13
internal_value=0 0.168307 0.216115 0.275547 0.283611 0.305293 0.310835 1.11815 0.309461 0.501789 0.652767 0.815799 0.207376 0.183183 0.580544 1.06221 0.306366 0.42643 0.602564 0.869701 0.396189 0.423528 1.2981 1.26668 0.279829 0.25955 0.387515 0.824295 0.135126 0.321355
internal_weight=0 53098 22097.8 12872 12561.5 9780.04 9474.55 16.1015 9458.45 149.776 101.621 69.4838 2781.48 48.1552 17.8745 10.1422 9308.67 291.617 132.466 53.1546 25.248 79.311 27.9066 8.57206 159.152 157.419 111.508 25.7964 20.2049 70.7389
internal_count=429257 425753 422461 421845 397351 335097 334375 339 334036 4653 2861 1729 62254 1792 523 197 329383 9666 3989 1308 842 2681 466 155 5677 5666 3636 623 778 2526
is_linear=0
shrinkage=0.05


Tree=2
num_leaves=31
num_cat=0
split_feature=12 1 34 9 53 0 15 1 1 8 8 26 9 26 4 0 53 0 53 8 0 15 0 5 1 53 9 9 50 53
split_gain=4878.1 13821.1 14730.8 7609.76 2393.87 1556.73 1951.24 1909.87 1608.88 2220.04 2607.44 1616.1 2161.27 2034.97 1500.1 1473.67 3100.96 1449.08 1403.18 1489.03 1317.79 1223.31 1263.11 1150.17 1129.13 1126.54 1094.92 2404.34 2185.29 2343.92
threshold=1.0000000180025095e-35 1.8040788769721987 3.0000000000000004 2115.5000000000005 -0.1216764480745129 -2.0080596208572383 41.500000000000007 1.2336966991424563 0.64494669437408458 0.34054243564605718 0.33527712523937231 54.500000000000007 86.500000000000014 1897.5000000000002 11.500000000000002 0.18496292829513553 -0.10327329000269343 -2.2369049787521358 0.012912780134912207 0.50021871924400341 0.13604988157749179 951.50000000000011 -1.7233733534812925 1.0000000180025095e-35 1.3160072565078738 0.086942981218401785 1643.5000000000002 1281.5000000000002 21.463060379028324 -0.18899781871780194
decision_type=2 2 2 2 2 2 2 2 2 2 2 2 2 2 2 2 2 2 2 2 2 2 2 2 2 2 2 2 2 2
left_child=1 2 3 4 26 6 -6 21 9 10 11 12 14 23 17 16 20 -8 -10 25 -9 -7 -23 -13 -22 -20 27 -1 -29 -30
right_child=-2 -3 -4 -5 5 7 8 15 18 -11 -12 13 -14 -15 -16 -17 -18 -19 19 -21 24 22 -24 -25 -26 -27 -28 28 29 -31
leaf_value=0.21372098883507054 0.12283191302564658 0.12341373714126767 0.12276996364701012 -0.050618338776233521 1.2119186325336442 0.15435950429407791 -0.051500385036152688 -0.051628379658105322 1.4314670108327476 -0.051526654423874052 0.98680319964666963 -0.051576060318673234 1.1961756424549794 1.5103123370050127 -0.051508988154391012 0.19995183019733537 0.21285708398170958 1.2608728442112194 -0.05143962798876598 -0.051708963815983777 1.1561701898869119 0.50855807219892191 0.0098299614217113012 0.78814873668181118 0.43658549479230402 1.3342123909606844 0.17863572990186577 0.418992416568221 0.49011678221903515 0.23361694594866669
leaf_weight=8708.5063614565879 40470.399569936097 32002.312920868397 9500.8247600495815 295.5573592633009 5.9599915258586398 2560.9017761703581 3.3204651884734631 3.7807548809796598 5.0784932188689735 46.440534058958292 14.5062472037971 45.763938535004854 9.0538486652076227 2.4109854623675337 13.531525171361862 1569.1823393851519 68.313163446262479 5.7384765353053862 2.0089859850704652 7.1036129612475634 18.70571401715279 13.434355892240999 230.85834314208478 4.4767190078273407 7.6938587073236695 5.4353198744356632 1572.1878442838788 247.96889170259237 97.302373200654984 1052.0897886287421
leaf_count=228772 3504 3292 616 24494 57 57361 119 128 32 1667 218 1663 86 9 484 24361 427 50 74 263 150 249 6726 12 100 58 41044 5504 2044 25693
internal_value=0 0.145441 0.172431 0.200824 0.205377 0.175011 0.323145 0.169353 0.291016 0.2336 0.36762 0.261066 0.543462 0.0913426 0.281866 0.211727 0.399334 0.779835 0.715918 0.466129 0.821423 0.144161 0.0372565 0.023248 0.946455 0.960268 0.217452 0.22349 0.284374 0.255331
internal_weight=0 58120.4 26118.1 16617.3 16321.8 4643.7 170.829 4472.87 164.869 145.243 98.8022 84.296 31.6443 52.6516 22.5905 1667.68 98.4935 9.05894 19.6264 14.5479 30.1803 2805.19 244.293 50.2407 26.3996 7.44431 11678.1 10105.9 1397.36 1149.39
internal_count=429257 425753 422461 421845 397351 94294 4792 89502 4735 4308 2641 2423 739 1684 653 25166 805 169 427 395 378 64336 6975 1675 250 132 303057 262013 33241 27737
is_linear=0
shrinkage=0.05


Tree=3
num_leaves=31
num_cat=0
split_feature=9 12 1 34 4 53 15 9 1 51 15 1 9 50 53 53 1 1 53 53 0 1 8 8 0 9 50 50 44 50
split_gain=3726.78 2236.31 5917.11 5645.17 1357.05 1100.88 1626.49 1257.23 1212.92 1092.04 1039.39 1140.62 1688.55 2116.95 1112.41 1116.41 1878.96 1805.08 960.995 1217.1 1137.15 931.101 1405.87 1394.48 823.698 808.192 794.231 851.778 746.503 1460.38
threshold=2155.5000000000005 1.0000000180025095e-35 1.8040788769721987 3.0000000000000004 8.5000000000000018 -0.15100674623914775 394.50000000000006 801.50000000000011 1.3981578350067141 3.0000000000000004 1008.5000000000001 1.0797223448753359 744.50000000000011 20.933647155761722 -0.19025614009692171 -0.1263079221893495 1.3539888858795168 1.2494779229164126 -0.172393664881034 -0.17337132091855878 0.046427100896835334 1.1073521971702578 0.31259675323963171 0.32522298395633703 1.3982275128364565 2115.5000000000005 21.463060379028324 21.434983253479007 0.75000000000000011 23.788348197937015
decision_type=2 2 2 2 2 2 2 2 2 2 2 2 2 2 2 2 2 2 2 2 2 2 2 2 2 2 2 2 2 2
left_child=1 2 3 4 5 6 7 -1 -7 10 25 -12 21 -14 -15 18 17 -17 19 20 -16 22 -13 -24 -10 28 27 -22 29 -6
right_child=-2 -3 -4 -5 9 8 -8 -9 24 -11 11 12 13 14 15 16 -18 -19 -20 -21 26 -23 23 -25 -26 -27 -28 -29 -30 -31
leaf_value=0.85092623896090935 -0.048555476329953086 0.11446078747384317 0.11485059018293858 0.1145521631147116 0.17877672500272465 0.063507254849921924 -0.05207463641149368 -0.052113520731765423 0.3011207709281194 0.075345482172131897 0.075932598610577981 -0.05217341377869527 0.81663321184165538 0.77374147134151672 1.0251172515281266 -0.051846342435225935 0.096246521687444353 0.95275025045071304 0.0021014593282950543 0.84400452433307782 -0.052201085181767665 0.02478940827892967 1.3627332201702327 -0.051808654926847046 -0.05443150806227734 -0.050587823013362003 -0.052084288348299659 1.1653209742392376 0.14375118122433891 0.12885933594433505
leaf_weight=16.680259808897976 315.76564689725637 41254.018060768023 32653.615587949753 9676.7108795642853 13248.056062404066 707.12004205211997 13.799797089770435 5.0124904718250027 93.957463271915913 340.80780967883766 635.82654020935297 7.6028270777314884 17.337691580876708 9.1162124127149564 3.4959209486842147 5.8730573076754835 24.785159949213266 18.737156558781862 68.50668216496706 8.402764640748499 2.6821016594767597 137.33678716793656 5.3245282433927059 2.5897013638168573 19.705570286139846 41.999838329851627 24.428565874695778 3.0932627134025097 2504.2377798845991 1647.423130646348
leaf_count=141 20455 3408 3166 570 268367 17413 361 130 594 3494 15569 221 152 64 19 191 330 128 1693 56 67 2985 27 80 560 3657 642 8 54826 29883
internal_value=0 0.12348 0.129487 0.145803 0.161221 0.0996654 0.372299 0.642263 0.0878761 0.164031 0.165672 0.115436 0.189461 0.29045 0.236508 0.205899 0.403536 0.71301 0.117639 0.305634 0.171396 0.0662697 0.433399 0.899866 0.239479 0.168481 0.072583 0.599899 0.169009 0.173256
internal_weight=0 103198 61944.3 29290.7 19613.9 856.276 35.4925 21.6928 820.783 18757.7 18416.9 975.139 339.312 186.459 169.121 160.005 49.3954 24.6102 110.609 42.1026 33.6999 152.854 15.5171 7.91423 113.663 17441.7 30.2039 5.77536 17399.7 14895.5
internal_count=429257 408802 405394 402228 401658 19199 632 271 18567 382459 378965 22232 6663 3350 3198 3134 649 319 2485 792 736 3313 328 107 1154 356733 717 75 353076 298250
is_linear=0
shrinkage=0.05


Tree=4
num_leaves=31
num_cat=0
split_feature=9 12 1 34 1 0 4 4 50 9 26 15 26 0 1 15 50 50 53 4 15 0 9 0 9 8 8 15 15 13
split_gain=3135.96 792.854 2035.39 1841.77 1449.38 2475.19 1308.42 1181.39 1238.33 2075.02 2335.19 1309.61 1155.87 1053.23 1072.77 1034.6 932.705 1021.57 1102.94 817.161 789.122 1026.45 1237.17 920.898 756.103 703.333 897.491 688.727 836.038 641.089
threshold=2155.5000000000005 1.0000000180025095e-35 1.5041344165802004 3.0000000000000004 1.4082781672477724 0.16586825996637347 8.5000000000000018 16.500000000000004 21.538796424865726 306.50000000000006 274.50000000000006 1044.5000000000002 1897.5000000000002 2.0449786186218266 1.4188972711563113 1054.5000000000002 21.407587051391605 20.440237998962406 -0.15577420878779305 10.500000000000002 1071.5000000000002 -1.2254461646080015 674.50000000000011 0.19886361807584765 1352.5000000000002 0.042445860803127296 0.042093804106116302 285.50000000000006 288.50000000000006 1.0000000180025095e-35
decision_type=2 2 2 2 2 2 2 2 2 2 2 2 2 2 2 2 2 2 2 2 2 2 2 2 2 2 2 2 2 2
left_child=1 2 3 4 6 -6 29 8 9 13 -11 25 -9 27 -15 -13 17 18 -12 -16 -8 22 -22 -23 -20 26 -10 -7 -29 -1
right_child=-2 -3 -4 -5 5 7 20 12 11 10 16 15 -14 14 19 -17 -18 -19 24 -21 21 23 -24 -25 -26 -27 -28 28 -30 -31
leaf_value=0.054075267291161293 -0.047894187669611989 0.10743167241440209 0.10796319516559366 0.10753756680646345 0.93640020628093579 0.014316646992120582 0.13531617035239349 -0.052555517039662762 0.10397654699864189 0.7765015648203154 0.97049266068804541 0.97045650863502309 0.76794909763714869 1.0629329830187122 0.81340039348572324 -0.052045259545591985 0.61909126247348334 0.044142379294242647 -0.052599726545957418 -0.052178136832534985 -0.051984515749710553 -0.035630813024878361 0.85837356952645871 0.1872208162258073 0.71722816469040074 -0.014711671093942622 0.59966246998751338 0.94948061605175627 0.19754247164183958 0.19471236323530683
leaf_weight=729.23252565320581 304.40879141632468 41741.405415907502 34737.543242871761 9639.0708673000336 11.42076577618718 56.073910398408771 19297.178511777893 66.025638437829912 43.632103893905878 36.322331922128797 7.362000264227393 7.3634760212153179 4.5906973555684081 6.7541029490530518 4.3511208482086641 3.7255968526005745 16.817624729126692 38.607166773639619 9.1722892951220256 7.303535770624876 6.8033036869019261 179.00462366640568 8.2670246390625817 62.558457328937948 4.8900564536452285 99.844619028270245 11.548891882412134 3.7587908077985039 223.39741599746048 91.162410840392113
leaf_count=16347 20455 3408 14151 562 35 1291 355648 1652 513 200 14 28 42 24 43 104 136 689 208 186 203 4496 31 981 25 2248 112 14 3637 1774
internal_value=0 0.112816 0.116251 0.125637 0.13393 0.206685 0.131562 0.193894 0.217368 0.263564 0.446135 0.10201 0.000784667 0.195066 0.561541 0.626926 0.28999 0.197793 0.474675 0.270975 0.134158 0.0470582 0.447404 0.0220819 0.215101 0.0644621 0.207719 0.171247 0.209985 0.0697029
internal_weight=0 107155 65413.8 30676.2 21037.2 662.962 20374.2 651.541 580.925 414.81 113.171 166.115 70.6163 301.639 18.4088 11.0891 76.8491 60.0315 21.4243 11.6547 19553.8 256.633 15.0703 241.563 14.0623 155.026 55.181 283.23 227.156 820.395
internal_count=429257 408802 405394 391243 390681 11201 379480 11166 9472 6467 1272 3005 1694 5195 253 132 1072 936 247 229 361359 5711 234 5477 233 2873 625 4942 3651 18121
is_linear=0
shrinkage=0.05


Tree=5
num_leaves=31
num_cat=0
split_feature=9 53 1 26 8 1 0 9 53 53 1 8 15 50 53 9 26 4 8 1 0 0 53 8 4 0 53 1 8 50
split_gain=2678.4 338.799 1210.08 676.032 1043.94 1100.37 963.448 1004.93 954.725 982.164 830.786 907.674 666.805 660.085 745.387 1027.32 1056.2 1408.2 1003.75 826.785 810.474 650.491 1274.77 1006.57 792.42 729.21 723.046 951.911 639.417 877.29
threshold=2155.5000000000005 -0.15467212463273383 1.443296015262604 1260.5000000000002 0.045562505722045905 1.1904994249343874 0.25820802152156835 1296.5000000000002 -0.18149491607187229 -0.16779484436441228 1.1814275383949282 0.044961551204323776 263.50000000000006 22.111589431762699 -0.18870571594310595 1462.5000000000002 1472.5000000000002 14.500000000000002 0.045183006674051292 1.0933033227920534 -0.087679155170917497 -0.23142115771770475 -0.16418819931913151 0.044495280832052238 14.500000000000002 -0.33094504475593561 -0.15577420878779305 0.78156244754791271 0.048023305833339698 20.892664909362797
decision_type=2 2 2 2 2 2 2 2 2 2 2 2 2 2 2 2 2 2 2 2 2 2 2 2 2 2 2 2 2 2
left_child=1 2 3 -1 5 6 7 8 -5 -10 13 -12 -8 -9 19 -16 17 -17 21 20 -15 22 23 24 25 -18 -23 -28 29 -6
right_child=-2 -3 -4 4 28 -7 12 10 9 -11 11 -13 -14 14 15 16 18 -19 -20 -21 -22 26 -24 -25 -26 -27 27 -29 -30 -31
leaf_value=0.1060971887130332 -0.047219630705845943 0.10217330164728278 0.2699844677904723 -0.053157478154245444 0.48933459063566603 -0.052738057028428979 0.7949117531607337 -0.052877721322072337 0.60597121450425906 -0.052834849223899208 -0.052683910811617697 0.79947340881764473 -0.052698819643880512 0.43229079281597377 -0.02421898875685026 -0.052921297709340176 -0.052733306376952255 0.63928965088898282 0.56210946103099158 0.69262870951809508 0.05253400967888705 0.072617913561922223 -0.052681140108454143 -0.052741471035243764 -0.052737431103364742 0.66043451078742521 0.72829113100864895 -0.052684693142775962 -0.053217754661889799 0.19872094246484409
leaf_weight=31819.246185438707 293.59533925354481 76873.558927839622 115.18442698009312 11.229338575154541 27.754554302431643 91.445081162266433 8.8846074864268285 61.340681655332446 28.578217357397076 7.0536148920655277 4.8345250934362403 8.8363377619534713 3.1404790282249442 23.249563008546829 131.46105227246881 11.092978972941635 4.0416119601577476 21.759471621364355 12.247943531721829 10.095067057758568 35.506112672388554 480.82905770372599 25.159006505273283 10.656802100129424 5.7492120116949073 31.68031356763095 9.6424996517598647 6.5536511866375795 22.987771500833333 403.60065519157797
leaf_count=173844 20455 209994 703 204 177 1913 31 1224 188 139 105 27 69 150 2503 216 83 121 98 23 512 9205 546 222 119 201 50 141 415 5579
internal_value=0 0.104001 0.108203 0.107643 0.140452 0.112944 0.128831 0.123152 0.34886 0.475555 0.111331 0.498119 0.573549 0.105329 0.117168 0.10273 0.129673 0.405557 0.114221 0.274623 0.202803 0.10467 0.239613 0.380686 0.492064 0.579746 0.083686 0.412275 0.203727 0.21742
internal_weight=0 110307 33433.8 33318.7 1499.41 1045.07 953.622 941.597 46.8612 35.6318 894.736 13.6709 12.0251 881.065 819.724 750.874 619.413 32.8525 586.56 68.8507 58.7557 574.312 77.2869 52.1279 41.4711 35.7219 497.025 16.1962 454.343 431.355
internal_count=429257 408802 198808 198105 24261 18090 16177 16077 531 327 15546 132 100 15414 14190 13505 11002 337 10665 685 662 10567 1171 625 403 284 9396 191 6171 5756
is_linear=0
shrinkage=0.05


Tree=6
num_leaves=31
num_cat=0
split_feature=9 9 49 53 1 15 0 53 8 53 9 15 8 53 53 53 15 26 3 15 15 9 53 15 15 15 4 4 53 15
split_gain=2318.19 313.859 388.458 455.801 1364.11 328.475 281.355 232.42 1218.96 857.26 145.519 202.853 293.465 981.68 847.959 207.49 491.546 679.414 195.698 836.53 1034.17 375.879 859.778 305.318 867.317 276.225 790.747 292.271 415.198 198.408
threshold=2155.5000000000005 2062.5000000000005 1.0000000180025095e-35 -0.14257857326824475 0.82927092909812938 540.50000000000011 0.017758955247700218 -0.15748006635528755 0.04227807745337487 -0.15782958572167105 7.5000000000000009 837.50000000000011 0.15978723019361499 0.028976188348011637 0.012912780134912207 0.0063134739438801555 832.50000000000011 4.5000000000000009 1.0000000180025095e-35 428.50000000000006 259.50000000000006 3.5000000000000004 -0.017952057748115643 808.50000000000011 812.50000000000011 52.500000000000007 16.500000000000004 12.500000000000002 -0.043225166728309054 357.50000000000006
decision_type=2 2 2 2 2 2 2 2 2 2 2 2 2 2 2 2 2 2 2 2 2 2 2 2 2 2 2 2 2 2
left_child=1 10 5 4 -4 6 -3 8 -8 -10 11 12 13 14 -1 18 -17 -18 23 20 -20 -22 -23 25 -25 26 -14 28 -27 -30
right_child=-2 2 3 -5 -6 -7 7 -9 9 -11 -12 -13 15 -15 -16 16 17 -19 19 -21 21 22 -24 24 -26 27 -28 -29 29 -31
leaf_value=-0.055429871044880591 -0.046532787641335505 -0.016870307838448659 1.4064996569819144 0.089320227373904881 -0.052174122639745558 -0.035568737376932072 1.1534250382302058 0.065638794863237107 0.033609783416216087 0.7619235801912565 0.09726049216118049 0.062559298054599033 -0.05814533220510968 -0.068817016481002441 0.87216116975418423 0.084459466205531714 -0.069473718879414822 0.96356998482206591 -0.057866572141195532 0.037552013034809255 0.91065557695723154 0.98906452706507408 -0.058528440065457682 0.99002916108774441 -0.052617421501346032 0.54567866250453045 0.90906794141305769 0.069467411462392006 0.063535737751622801 0.16552131218192231
leaf_weight=3.5348741523921516 283.29527630377561 74.367202747613192 2.5823643170297137 513.27722730487585 4.2252115160226822 132.09710911754519 3.1248067114502183 117.08075707778335 32.240370810031891 4.6191874109208575 107720.87672221847 674.01065591350198 4.5892289131879789 10.902226019650696 8.1310836896300298 2726.6937251072377 2.7896319162100545 3.7061277702450752 7.2242644876241711 30.50358404032886 7.8183688055723888 3.6149185411632061 4.2745534256100655 3.6124182455241662 4.4534549564123154 6.2515617609024039 3.9166090339422226 320.64028619416058 70.642302058637142 146.77470330148935
leaf_count=71 20455 2047 9 2777 123 3983 34 662 493 9 383652 2820 93 176 26 8737 45 8 140 228 17 2 82 9 98 49 16 1618 313 465
internal_value=0 0.0966763 0.066994 0.0947109 0.501155 0.0273409 0.0632484 0.101183 0.205262 0.124881 0.0969109 0.0875995 0.0926075 0.272305 0.591094 0.091396 0.0854944 0.519925 0.117653 0.209083 0.437247 0.664957 0.421474 0.108943 0.414347 0.104486 0.387219 0.100068 0.143936 0.132385
internal_weight=0 112649 883.614 520.085 6.80758 363.529 231.432 157.065 39.9844 36.8596 111765 4044.08 3370.07 22.5682 11.666 3347.51 2733.19 6.49576 614.316 53.4357 22.9321 15.7078 7.88947 560.881 8.06587 552.815 8.50584 544.309 223.669 217.417
internal_count=429257 408802 10137 2909 132 7228 3245 1198 536 502 398665 15013 12193 273 97 11920 8790 53 3130 469 241 101 84 2661 107 2554 109 2445 827 778
is_linear=0
shrinkage=0.05


Tree=7
num_leaves=31
num_cat=0
split_feature=9 9 49 15 0 44 15 8 50 53 9 9 26 26 53 53 53 53 26 26 8 53 53 53 8 0 50 26 26 8
split_gain=2022.28 292.377 343.865 280.81 225.347 171.773 246.885 211.917 481.293 1000.47 369.677 1072.08 693.889 814.862 1068.4 815.223 411.63 511.134 364.869 343.779 411.078 283.347 273.108 600.119 449.423 556.038 426.234 541.474 691.671 481.599
threshold=2155.5000000000005 2062.5000000000005 1.0000000180025095e-35 540.50000000000011 0.017758955247700218 0.75000000000000011 1030.5000000000002 0.042155506089329726 23.751068115234379 -0.17654318756369028 531.50000000000011 716.50000000000011 279.50000000000006 289.50000000000006 -0.14547174331281409 -0.16209425857835469 -0.18210942979200209 -0.18242664568741146 226.50000000000003 202.50000000000003 0.035444397479295738 -0.17143065602916557 -0.13163805649625562 -0.13218928515984096 0.038257487118244178 0.042958412319421775 24.06012058258057 666.50000000000011 1076.5000000000002 0.041952844709157951
decision_type=2 2 2 2 2 2 2 2 2 2 2 2 2 2 2 2 2 2 2 2 2 2 2 2 2 2 2 2 2 2
left_child=1 5 3 4 -3 -1 7 8 9 -7 18 12 -12 -14 15 16 17 -15 19 -10 -21 -13 23 26 25 -24 27 -23 29 -29
right_child=-2 2 -4 -5 -6 6 -8 -9 10 -11 11 21 13 14 -16 -17 -18 -19 -20 20 -22 22 24 -25 -26 -27 -28 28 -30 -31
leaf_value=0.091210584070918768 -0.045834586562660692 -0.016204573565565605 0.087704953212978692 -0.034665989447885258 0.08875038419341158 0.69496009676342618 0.046804370596159051 0.084317229248662987 0.069539017904258857 -0.056133712125838654 0.083673730466795104 -0.053388422849438094 0.78712029636303471 -0.053359315011880293 0.061212971584321332 0.60063676694664259 -0.053326771074014734 0.77823458418603042 -0.054391834237274311 0.40655979003626552 -0.054304349304565118 0.056547344144302861 -0.052999854427595194 0.64705196529856401 0.001548232211725649 0.74371676922252483 0.093619728607251609 0.55395052589123628 -0.053314285832741018 -0.053465723975836536
leaf_weight=100812.46300354972 273.48066606465727 73.572052056901157 531.35413249023259 128.84402285236865 167.75938571430743 10.063902679830791 408.23583568073809 11330.439292699099 295.40149539709091 7.9248248375952235 39.830950144678354 30.37486857175827 8.9657120294868928 3.12165467441082 31.861859248951077 28.789521902799606 9.5509747080504876 4.5280712358653572 55.919988745823503 16.278289413079623 6.8851322811096898 24.823886059224606 4.0815143752843124 5.3763380348682395 97.666276479139924 4.7254070118069649 343.49997605755925 24.802163556218151 7.9484878815710536 3.7576693408191195
leaf_count=336555 20455 2047 2909 3983 1198 21 2507 53149 1031 127 44 513 26 53 361 118 164 2 901 23 109 104 78 17 1046 10 1381 124 138 63
internal_value=0 0.0902927 0.0619307 0.0249341 0.0567539 0.0905177 0.0850627 0.0863226 0.107634 0.36407 0.103233 0.125371 0.25646 0.335732 0.283749 0.43792 0.165575 0.438883 0.0634059 0.0840838 0.269572 0.095023 0.103748 0.122268 0.0323955 0.374483 0.115299 0.236714 0.359219 0.474032
internal_weight=0 114519 901.53 370.175 241.331 113617 12804.9 12396.6 1066.18 17.9887 1048.19 673.705 126.649 86.8178 77.8521 45.9902 17.2007 7.64973 374.485 318.565 23.1634 547.057 516.682 410.209 106.473 8.80692 404.832 61.3322 36.5083 28.5598
internal_count=429257 408802 10137 7228 3245 398665 62110 59603 6454 148 6306 4242 768 724 698 337 219 55 2064 1163 132 3474 2961 1827 1134 88 1810 429 325 187
is_linear=0
shrinkage=0.05


Tree=8
num_leaves=31
num_cat=0
split_feature=9 1 12 34 44 15 1 0 53 53 8 50 9 15 53 15 4 1 0 4 8 26 0 53 50 8 0 53 0 26
split_gain=1774.38 398.147 882.119 510.814 518.369 800.409 763.316 972.705 717.577 1051.33 797.567 895.852 834.496 831.235 796.002 682.387 631.314 606.972 1014.13 1008.39 785.746 729.062 646.416 966.169 843.361 960.135 918.267 1175.09 832.516 1063.98
threshold=2155.5000000000005 2.6821991205215459 1.0000000180025095e-35 3.0000000000000004 0.75000000000000011 1026.5000000000002 1.2660018205642702 0.092605952173471465 -0.16456999069410572 -0.1603050409977716 0.046834059059619911 22.617153167724613 53.500000000000007 317.50000000000006 -0.1610378241840722 270.50000000000006 18.500000000000004 1.2286122441291811 0.088436096906662001 8.5000000000000018 0.25030712783336645 6.5000000000000009 0.24008183181285861 -0.15137151952826261 3.0109890699386601 0.29115785658359533 0.19886361807584765 -0.14791312498060116 0.0088218082673847693 20.500000000000004
decision_type=2 2 2 2 2 2 2 2 2 2 2 2 2 2 2 2 2 2 2 2 2 2 2 2 2 2 2 2 2 2
left_child=1 2 3 4 17 6 8 -8 15 10 11 13 -12 -10 -13 -6 -11 19 20 -1 -19 -20 24 -24 28 26 -26 -28 29 -21
right_child=-2 -3 -4 -5 5 -7 7 -9 9 16 12 14 -14 -15 -16 -17 -18 18 21 22 -22 -23 23 -25 25 -27 27 -29 -30 -31
leaf_value=0.017353086345108012 -0.045125929556171319 0.089916802637905371 0.088343689796886338 0.088593465474440747 -0.013591287073896808 -0.054176623899521728 0.71595166592849668 0.0083712218370279139 -0.053601714498116342 0.085626555381493136 0.3879698928114349 0.067125240427554689 -0.0010829696653024004 0.50022746493036585 0.40344886257623536 0.064371828583427229 -0.025860495886109433 -0.053919876544217996 0.032031125369011045 0.084500830003020666 0.79112189800041322 0.089922719243617277 0.077021880980207957 0.002172343685093643 0.07619542587195674 0.037888198733746416 0.09814020673291958 0.36317544280582736 0.023374205193155546 0.15027472601896996
leaf_weight=781.55329110566527 264.12548202648759 27142.985682144761 41311.063962405547 9702.8302971869707 369.3968879180029 148.11114419810474 4.8939189724624148 644.09045809227973 7.8998340815305701 2010.0955107882619 17.05754717066884 61.294614135287702 71.800141425803304 47.583862096071243 24.675374465063214 1168.4736980414018 135.54283926170319 3.9772420451045027 573.39617297239602 1446.8739866223186 8.9210434556007367 10551.590054679662 1052.6585761299357 730.2067052423954 14777.864025332034 1695.5067790728062 123.73916476592422 63.173946365714073 292.82808228395879 1069.2050177995116
leaf_count=13585 20455 1622 3393 571 5475 2886 6 8086 130 25880 131 702 1133 231 133 15783 2474 63 3339 15493 23 51327 13350 11387 186619 26094 1526 505 4359 12496
internal_value=0 0.0846165 0.0829981 0.0783574 0.0757356 0.0602153 0.0639285 0.013707 0.0722562 0.0894806 0.190998 0.264744 0.0736015 0.421373 0.163658 0.0456451 0.0785838 0.0779397 0.0874526 0.073131 0.53055 0.0869389 0.0751823 0.0463658 0.0778211 0.0735481 0.0775884 0.187718 0.103165 0.112451
internal_weight=0 116039 88896.3 47585.2 37882.4 4710.92 4562.8 648.984 3913.82 2375.95 230.311 141.454 88.8577 55.4837 85.97 1537.87 2145.64 33171.5 11137.9 22033.6 12.8983 11125 21252.1 1782.87 19469.2 16660.3 14964.8 186.913 2808.91 2516.08
internal_count=429257 408802 407180 403787 403216 63050 60164 8092 52072 30814 2460 1196 1264 361 835 21258 28354 340166 54752 285414 86 54666 271829 24737 247092 214744 188650 2031 32348 27989
is_linear=0
shrinkage=0.05


Tree=9
num_leaves=31
num_cat=0
split_feature=9 12 1 34 0 53 53 0 26 4 15 0 13 50 8 50 4 26 53 53 15 53 9 9 0 26 0 53 50 0
split_gain=1570.08 707.309 1526.32 1082.79 518.239 530.269 1066.15 1457.99 631.652 483.028 606.134 502.211 463.57 1077.98 557.249 638.946 797.761 465.414 1415.07 1229.25 936.976 519.452 533.454 695.842 847.112 458.304 399.921 925.87 620.022 655.944
threshold=2155.5000000000005 1.0000000180025095e-35 1.2286122441291811 3.0000000000000004 0.092605952173471465 -0.16709677222311656 -0.16602099398392356 0.99126487970352184 10.500000000000002 8.5000000000000018 1071.5000000000002 -1.2254461646080015 1.0000000180025095e-35 21.862226486206058 0.045752901583909995 3.6420403718948369 4.5000000000000009 1419.5000000000002 -0.12695812590016639 -0.13048125853407685 1071.5000000000002 -0.15610944291613493 12.500000000000002 9.5000000000000018 -0.62177351117134083 128.50000000000003 0.24008183181285861 -0.15100674623914775 3.2565835714340214 0.66177427768707286
decision_type=2 2 2 2 2 2 2 2 2 2 2 2 2 2 2 2 2 2 2 2 2 2 2 2 2 2 2 2 2 2
left_child=1 2 3 9 25 8 7 -7 -6 12 26 -12 17 14 -14 -16 -17 21 19 20 -19 -1 23 -23 -25 -4 -11 28 -28 -30
right_child=-2 -3 4 -5 5 6 -8 -9 -10 10 11 -13 13 -15 15 16 -18 18 -20 -21 -22 22 -24 24 -26 -27 27 -29 29 -31
leaf_value=0.21738187382600083 -0.044407651720769319 0.085057604498353423 0.3817335519383056 0.085294864081737101 0.544329467176074 0.13186863557095016 0.083763173931736018 0.51037072371670134 0.041643002559441582 0.068544481267774446 0.18329411953805647 -0.028621924936077927 0.77406063969663796 -0.053973581645025241 0.41477250147907613 0.69610092803825707 0.030841946678660415 -0.053126619734058571 -0.052776380952431347 0.71677882114659075 0.74469463776325739 0.043914674827551452 -0.018856533606614191 0.69015311233083088 -0.053966423015212567 -0.054417287200835884 0.028599946789726733 0.0061271605644868951 0.083064578429126859 0.22253528531620892
leaf_weight=27.55081969127059 255.20552578568459 40802.787222707644 25.763853430747986 8221.210183262825 6.2937497831881037 107.16797073278576 39333.806517002173 33.362956844270229 882.54495387151837 24058.324320909567 31.325643487274647 260.02084071934223 4.5508058182895175 53.949741283431649 24.009734600782394 5.0255024805665007 43.62865387275815 16.699670055881146 46.649617397226393 14.670781934633849 4.7202802002429953 65.500160444527864 652.21521057281643 10.130549754947426 6.1444580145180216 7.8608208289369932 499.55112026631832 868.67460642103106 729.13341255951673 95.32389597222209
leaf_count=182 20455 3408 35 489 18 599 56888 119 8895 287871 234 4854 2 913 108 15 563 313 989 37 13 640 12169 56 117 118 6678 13298 8285 896
internal_value=0 0.0797458 0.076899 0.0693724 0.0835578 0.0833944 0.0842543 0.221727 0.0452025 0.0646154 0.0658854 -0.00583666 0.0300599 0.11751 0.237326 0.203711 0.0995567 0.016474 0.129099 0.364184 0.122688 0.00423744 -0.00376308 0.116618 0.409219 0.27977 0.0666814 0.0462391 0.0725564 0.0991902
internal_weight=0 116939 76135.8 35739 40396.8 40363.2 39474.3 140.531 888.839 27517.8 26542.4 291.346 975.446 131.164 77.2147 72.6639 48.6542 844.282 82.7403 36.0907 21.42 761.541 733.99 81.7752 16.275 33.6247 26251 2192.68 1324.01 824.457
internal_count=429257 408802 405394 338722 66672 66519 57606 718 8913 338233 322116 5088 16117 1601 688 686 578 14516 1352 363 326 13164 12982 813 173 153 317028 29157 15859 9181
is_linear=0
shrinkage=0.05


Tree=10
num_leaves=31
num_cat=0
split_feature=9 12 1 34 9 1 1 15 15 0 0 15 50 9 9 8 15 4 15 53 53 1 4 15 26 53 15 9 0 9
split_gain=1395.42 1119.8 2240.53 1507.46 373.297 327.542 641.88 610.239 537.478 515.135 714.569 1135.36 1066.41 1127.82 1425.29 980.496 870.532 919.82 869.16 862.943 830.488 769.549 947.749 767.061 757.93 712.48 698.464 760.838 662.664 981.375
threshold=2155.5000000000005 1.0000000180025095e-35 1.6993199586868288 3.0000000000000004 2076.5000000000005 0.61554759740829479 0.6052919626235963 993.50000000000011 2467.5000000000005 -0.2357777655124664 -0.29469490051269526 727.50000000000011 3.1059714555740361 122.50000000000001 131.50000000000003 0.25030712783336645 87.500000000000014 18.500000000000004 845.50000000000011 -0.16138982472717547 -0.11290784975553246 0.92478895187377941 14.500000000000002 849.50000000000011 234.50000000000003 -0.12875345895794746 689.50000000000011 116.50000000000001 -0.12821132689714429 9.5000000000000018
decision_type=2 2 2 2 2 2 2 2 2 2 2 2 2 2 2 2 2 2 2 2 2 2 2 2 2 2 2 2 2 2
left_child=1 2 3 4 5 6 7 -1 -9 10 12 26 13 16 -15 20 17 -7 24 23 -14 -18 -23 -20 -16 -21 -12 -28 29 -11
right_child=-2 -3 -4 -5 -6 9 -8 8 -10 28 11 -13 15 14 18 -17 21 -19 19 25 -22 22 -24 -25 -26 -27 27 -29 -30 -31
leaf_value=0.056568666935819335 -0.043680565154141253 0.082134487656881042 0.081840443762619994 0.082417920996219224 -0.0033278020785131625 0.17289854158459225 -0.036692681832623357 -0.053835039073848318 0.15827257601441314 0.26320978991491689 0.13301367569141495 0.023171624913447913 0.083301963462497589 0.37732359156551443 0.028784064200027971 0.011725435011909573 0.061923460352095977 0.68211638194875723 0.55418782313282777 0.39424633970989759 -0.032805729803656182 -0.054038562070566926 0.52517832256923602 -0.054040394671698966 0.28946015233343669 -0.053458145863475276 0.51056939672608681 0.1570608726417333 0.062182195050275973 0.034189797829867634
leaf_weight=4113.2453714683652 246.6982197817415 40158.308602852747 32505.887200906873 9389.126578733325 232.00376041140407 66.199507746845484 214.13387211598456 213.4856465999037 34.724776025861502 47.493315782397985 621.30197070166469 243.03707065060735 1582.7017704583704 69.768344771116972 181.13359112665057 1096.5541536677629 1319.7278127484024 10.23997103795409 6.1860830634832373 67.161208128556609 170.61313388310373 11.066229809075596 19.519688922911882 31.989236570894718 32.95855949446559 10.24161262437701 26.674105655401945 35.447457533329725 21924.140660601668 3099.3586733862758
leaf_count=48009 20455 3408 4738 569 8468 675 3079 3589 209 484 6143 3181 16536 340 2328 15029 15369 38 7 361 2688 177 101 479 379 196 85 284 235270 36583
internal_value=0 0.0753601 0.0718441 0.0646024 0.0598879 0.060304 0.0478248 0.0519743 -0.0241611 0.0621656 0.0758726 0.115989 0.0679243 0.0977528 0.172015 0.0488102 0.0769622 0.241114 0.128565 0.23906 0.0720037 0.0676698 0.315613 0.0445194 0.068914 0.335008 0.148997 0.308852 0.0591025 0.0376462
internal_weight=0 117534 77376.1 44870.2 35481.1 35249.1 4575.59 4361.46 248.21 30673.5 5602.52 926.461 4676.06 1826.19 399.439 2849.87 1426.75 76.4395 329.67 115.578 1753.31 1350.31 30.5859 38.1753 214.092 77.4028 683.424 62.1216 25071 3146.85
internal_count=429257 408802 405394 400656 400087 391619 54886 51807 3798 336733 64396 9693 54703 20450 4090 34253 16360 713 3750 1043 19224 15647 278 486 2707 557 6512 369 272337 37067
is_linear=0
shrinkage=0.05


Tree=11
num_leaves=31
num_cat=0
split_feature=12 1 34 9 26 15 1 26 0 15 53 53 4 26 53 0 8 26 49 0 15 15 15 1 0 26 9 15 8 0
split_gain=1609.62 3075.85 1987.41 1013.26 317.468 593.86 403.122 694.653 699.081 625.483 910.878 739.747 802.63 617.593 883.288 623.873 717.852 712.748 569.362 516.62 506.189 1005.6 497.482 889.135 828.573 464.439 826.619 459.795 438.924 429.538
threshold=1.0000000180025095e-35 1.6993199586868288 3.0000000000000004 2115.5000000000005 14.500000000000002 255.50000000000003 0.76464620232582103 6.5000000000000009 -0.52397987246513356 548.50000000000011 -0.13429316121757071 -0.15782958572167105 12.500000000000002 8.5000000000000018 -0.029270028567916769 1.8831248283386233 0.084219858050346388 13.500000000000002 1.0000000180025095e-35 0.68904662132263195 281.50000000000006 476.50000000000006 919.50000000000011 1.330466151237488 0.22344979643821719 3.5000000000000004 227.50000000000003 735.50000000000011 0.084219858050346388 0.0059856544248759755
decision_type=2 2 2 2 2 2 2 2 2 2 2 2 2 2 2 2 2 2 2 2 2 2 2 2 2 2 2 2 2 2
left_child=1 2 3 4 5 -1 18 29 -9 10 -10 19 22 14 20 16 -15 -17 25 -11 -12 -22 23 -13 -24 -7 -27 -25 -16 -8
right_child=-2 -3 -4 -5 -6 6 7 8 9 11 13 12 -14 15 28 17 -18 -19 -20 -21 21 -23 24 27 -26 26 -28 -29 -30 -31
leaf_value=0.029522495645763387 0.079447855301706102 0.079000915653315726 0.079651448454175017 -0.050552533751804567 0.052843550518177719 0.12485610066495359 0.086200010276423183 0.21879128939917056 -0.054891540675183273 0.12116429671025548 0.63550433063584377 -0.054899857907139131 -0.019021277470439722 0.42066751201973196 0.4661960855491587 -0.056687408521598141 0.066707781578626973 0.66890689386733093 -0.05458023338925834 0.38762384916245757 0.092760539490657781 0.53785461074244545 0.33989757142981669 0.35262396273812846 -0.055458581314245407 0.012786713792777819 0.63309400109603997 -0.056831618155562563 0.041356778052579563 0.02748679718954386
leaf_weight=781.10622983984649 39438.200748734176 32008.445891911164 9223.8563531935215 231.47315148543566 33404.951035898179 199.48817506246269 841.40481875091791 150.87769370153546 44.983795121312141 63.515132840722799 16.384406570345163 66.669131264090538 246.0675171688199 15.850672658532856 7.2246437966823569 5.012210022658107 148.73024658113718 10.421442028135061 121.56411008164287 25.491401448845863 25.316146533936262 25.444229025393724 47.561415325850248 27.695180457085371 18.371299885213375 273.69494234211743 5.4782066345214835 9.1121560111641866 38.362169671803713 494.63375059515238
leaf_count=7271 3504 4918 615 24427 362965 1085 4831 1073 590 526 23 960 2802 65 14 75 1392 12 1912 74 227 70 187 125 278 3252 1 127 416 5440
internal_value=0 0.0670686 0.0588675 0.0537343 0.0543847 0.0682598 0.078589 0.0880049 0.119677 0.101921 0.154584 0.0666652 0.0386415 0.186772 0.278543 0.129302 0.100797 0.433264 0.0420512 0.197478 0.393865 0.315869 0.122397 0.0540026 0.229737 0.0665924 0.024959 0.251258 0.108686 0.064463
internal_weight=0 78579.2 46570.7 37346.9 37115.4 3710.46 2929.35 2329.13 993.091 842.213 337.73 504.483 415.477 292.746 112.732 180.015 164.581 15.4337 600.225 89.0065 67.1448 50.7604 169.409 103.476 65.9327 478.661 279.173 36.8073 45.5868 1336.04
internal_count=429257 425753 420835 420220 395793 32828 25557 19307 9036 7963 2884 5079 4479 2294 750 1544 1457 87 6250 600 320 297 1677 1212 465 4338 3253 252 430 10271
is_linear=0
shrinkage=0.05


Tree=12
num_leaves=31
num_cat=0
split_feature=12 1 34 9 4 15 15 15 53 1 1 26 53 26 50 53 50 1 1 44 4 15 15 15 0 53 15 50 26 8
split_gain=2050.35 3769.6 2370.57 876.051 279.143 332.571 307.11 300.583 432.264 354.369 383.325 362.638 392.69 353.182 663.909 317.597 301.639 331.02 383.829 290.604 415.327 414.601 490.975 546.029 570.468 584.044 484.095 658.111 468.981 444.222
threshold=1.0000000180025095e-35 1.6993199586868288 3.0000000000000004 2115.5000000000005 8.5000000000000018 1071.5000000000002 1092.5000000000002 500.50000000000006 -0.14869859274068201 1.3379197120666506 1.3459411859512331 9.5000000000000018 1.0000000180025095e-35 1683.5000000000002 21.609285354614261 -0.13048125853407685 2.9619013071060185 0.97800430655479442 0.9161646068096162 0.75000000000000011 18.500000000000004 1026.5000000000002 883.50000000000011 981.50000000000011 -0.23142115771770475 -0.16348179730595092 1018.5000000000001 20.933647155761722 170.50000000000003 0.044745272025465972
decision_type=2 2 2 2 2 2 2 2 2 2 2 2 2 2 2 2 2 2 2 2 2 2 2 2 2 2 2 2 2 2
left_child=1 2 3 4 7 19 -7 8 16 11 -11 12 -9 -13 -15 -10 -1 18 -18 -6 21 22 29 24 25 -24 -25 28 -28 -21
right_child=-2 -3 -4 -5 5 6 -8 9 15 10 -12 13 -14 14 -16 -17 17 -19 -20 20 -22 -23 23 26 -26 -27 27 -29 -30 -31
leaf_value=0.46145570751149761 0.077119575894944503 0.076539274548854785 0.077334636417811214 -0.05052542486465951 0.052634472513479219 -0.053921416827019134 0.036905920595718532 0.26286749014967292 -0.053589401815492238 0.42651608978070138 0.062376339372730398 -0.037919594391938934 0.009395453589809602 0.32820564413676845 -0.05345341902155018 0.04903514411635862 -0.055584990983234731 -0.055845671229482488 0.24589227336385219 0.062058849963637211 -0.033849447259266356 -0.054172747660239419 -0.054533142756898551 -0.015445282821410142 0.072972571137123951 0.22360904422430813 -0.054165592691204335 -0.054683059085190756 0.40512546871906302 0.027675872252926677
leaf_weight=7.2784256711602202 38618.123291190714 31401.324156560004 9030.0702132284641 220.29923855885863 31486.444047225639 141.9027549829334 270.43603573925793 23.58389825746417 86.497150057926774 7.8406512662768355 92.375312972813845 473.42551682516932 43.398409511893988 19.571483163163066 27.272900320589542 587.10455428063869 13.438802674412726 19.237758696079254 49.245805386453867 1369.6463488508016 183.67958240769804 108.22924454137683 21.627224456518888 187.36747002601624 292.27643450535834 148.22760213911533 7.1903532110154655 22.095148865133524 24.482530891895294 2990.5413770470768
leaf_count=3 3504 4918 615 24427 312962 2642 3120 130 1438 48 772 8136 438 58 493 6877 175 250 91 13241 2922 1770 288 2315 2913 924 114 303 62 33308
internal_value=0 0.0630723 0.054254 0.0488996 0.0494655 0.0503033 0.00564849 0.0279443 0.049554 0.00396662 0.0908657 -0.0108629 0.0986408 -0.024961 0.106003 0.0358571 0.152986 0.12558 0.181259 0.0508031 0.0400355 0.0426596 0.0447294 0.083497 0.115322 0.188194 0.0225054 0.154754 0.300858 0.0384764
internal_weight=0 79356.1 47954.8 38924.7 38704.4 37254.1 412.339 1450.27 762.802 687.468 100.216 587.252 66.9823 520.27 46.8444 673.602 89.2008 81.9224 62.6846 36841.8 5355.36 5171.68 5063.45 703.267 462.131 169.855 241.136 53.768 31.6729 4360.19
internal_count=429257 425753 420835 420220 395793 376884 5762 18909 8834 10075 820 9255 568 8687 551 8315 519 516 266 371122 58160 55238 53468 6919 4125 1212 2794 479 176 46549
is_linear=0
shrinkage=0.05


Tree=13
num_leaves=31
num_cat=0
split_feature=12 1 34 9 26 51 51 15 1 15 1 1 15 0 9 26 4 26 9 1 0 0 15 8 0 53 15 15 9 0
split_gain=2485.04 4409.89 2702.99 764.053 282.631 278.71 424.71 240.252 269.549 685.12 501.095 434.714 679.501 597.981 433.22 411.346 799.3 499.763 663.541 653.701 827.28 588.21 706.863 600.291 742.855 496.767 459.358 673.608 650.827 665.936
threshold=1.0000000180025095e-35 1.6993199586868288 3.0000000000000004 2115.5000000000005 1.0000000180025095e-35 3.0000000000000004 17.500000000000004 1071.5000000000002 0.61554759740829479 993.50000000000011 0.6052919626235963 0.67570504546165477 981.50000000000011 -0.090194165706634508 206.50000000000003 2054.5000000000005 16.500000000000004 866.50000000000011 1099.5000000000002 0.62551996111869823 -0.42103351652622217 -0.12821132689714429 747.50000000000011 0.047034332528710372 -0.25486980378627772 -0.17624016323068287 99.500000000000014 588.50000000000011 77.500000000000014 -1.1263844370841978
decision_type=2 2 2 2 2 2 2 2 2 2 2 2 2 2 2 2 2 2 2 2 2 2 2 2 2 2 2 2 2 2
left_child=1 2 3 4 -1 7 -7 8 9 10 -6 12 13 15 -15 17 -17 18 26 20 -19 22 23 24 -20 -26 -10 28 29 -28
right_child=-2 -3 -4 -5 5 6 -8 -9 11 -11 -12 -13 -14 14 -16 16 -18 19 21 -21 -22 -23 -24 -25 25 -27 27 -29 -30 -31
leaf_value=0.07671396141722199 0.07502461811502803 0.074315240782098668 0.075252413399065174 -0.050499650340538653 0.041884000044671271 -0.053736986208819559 0.081295417802252579 0.0072998176730536745 0.14983959542891664 -0.054016432689037934 -0.036812113358512949 0.045543445381798761 -0.054554224682316257 -0.054848652091714557 0.50600803487938673 -0.052619384697385953 0.96906497918067647 0.37746305292298782 -0.055333226696290386 -0.015717450870698101 0.025907996664906747 0.47464206141980841 -0.055141083550717611 0.33491987005109974 -0.055170542601618279 0.26416682199604891 0.16003505886304634 0.10053300369015893 -0.0062350409602983971 -0.054958964607113629
leaf_weight=699.03393822535872 37734.023093849421 30740.736649358645 8821.2173001915216 209.65937278419733 4614.5820626374334 168.89449474588037 88.872699737548828 418.49765737168491 161.38735601492226 209.07563540711999 211.55388844944537 31697.232279140502 105.40063644945621 4.6306573115289238 13.425108294934033 3.9817739985883227 3.6868738513439894 26.116815026849508 38.529480408877134 285.81037264876068 46.580431153997779 14.227063048630951 37.231643192470074 48.168102152645588 14.713703215122221 70.680667452514172 138.66516007855535 554.14910008385777 463.82924616895616 48.656407725065947
leaf_count=2002 3504 4918 615 24427 48011 3580 5 5983 838 3316 2853 309899 1501 58 15 95 14 93 449 3252 512 33 447 145 175 364 944 5002 5575 632
internal_value=0 0.0594574 0.0501775 0.0447021 0.0451987 0.0446409 -0.00718066 0.0449813 0.0453877 0.0345955 0.0384344 0.0469965 0.0691403 0.0757433 0.362168 0.0730999 0.438578 0.0716617 0.0836841 0.0183336 0.152206 0.163542 0.142398 0.185135 0.126915 0.209144 0.0706216 0.0600145 0.025532 0.104191
internal_weight=0 79959.2 49218.5 40397.3 40187.6 39488.6 257.767 39230.8 38812.3 5035.21 4826.14 33777.1 2079.87 1974.47 18.0558 1956.41 7.66865 1948.75 1590.24 358.508 72.6972 223.551 209.324 172.092 123.924 85.3944 1366.69 1205.3 651.151 187.322
internal_count=429257 425753 420835 420220 395793 393791 3585 390206 384223 54180 50864 330043 20144 18643 73 18570 109 18461 14604 3857 605 1613 1580 1133 988 539 12991 12153 7151 1576
is_linear=0
shrinkage=0.05


Tree=14
num_leaves=31
num_cat=0
split_feature=12 1 34 9 26 51 51 1 4 15 13 15 0 53 53 53 50 15 0 8 15 15 8 53 8 53 0 9 15 9
split_gain=2905.54 4988.62 2984.93 671.411 282.852 230.493 396.633 219.994 615.749 626.879 526.376 466.007 463.984 413.045 775.659 570.721 754.88 638.476 435.645 419.549 406.836 418.293 376.108 439.906 551.695 466.334 430.555 372.729 897.572 672.678
threshold=1.0000000180025095e-35 1.6993199586868288 3.0000000000000004 2115.5000000000005 1.0000000180025095e-35 3.0000000000000004 17.500000000000004 1.2286122441291811 12.500000000000002 739.50000000000011 1.0000000180025095e-35 832.50000000000011 0.092605952173471465 -0.17271536915049365 -0.15961119541566879 -0.13429316121757071 2.8619047403335576 512.50000000000011 0.10574815049767496 0.043281225487589843 516.50000000000011 644.50000000000011 0.043486140668392188 -0.16418819931913151 0.32355716824531561 -0.172393664881034 0.21487283706665042 589.50000000000011 743.50000000000011 143.50000000000003
decision_type=2 2 2 2 2 2 2 2 2 2 2 2 2 2 2 2 2 2 2 2 2 2 2 2 2 2 2 2 2 2
left_child=1 2 3 4 -1 7 -7 -6 9 10 13 -11 -10 -9 19 16 -16 -18 -19 -15 -20 -22 -21 24 25 -24 -25 29 -29 -14
right_child=-2 -3 -4 -5 5 6 -8 8 12 11 -12 -13 27 14 15 -17 17 18 20 22 21 -23 23 26 -26 -27 -28 28 -30 -31
leaf_value=0.073034622038539651 0.073130600930681869 0.072294664280208878 0.073372426054670759 -0.050475145061842967 0.039476199106422763 -0.053584294700944668 0.078861931836638033 -0.055201331905975738 0.20024118205922381 -0.040235056111861685 -0.014245702842658001 0.049649081452785626 0.021501692871666749 -0.055407642003337955 0.32960280003560721 0.094438820200671444 -0.040872209181359975 0.47190544096754278 0.42166429505627701 0.41984491089586568 -0.056768509822234442 0.12218507685754186 0.3789938132784576 0.3343639890408906 0.2673437553323782 -0.0079700944228526076 0.15117655960672735 -0.011012044363443009 0.065813394333157776 0.070918675481331003
leaf_weight=697.57364058867097 36799.411005072296 30037.739274168387 8600.4681022167206 199.52854281803593 33175.546322872862 161.10366395302117 87.079545974731445 49.573281511664391 43.204931847751141 184.27497139386833 136.16925014182925 663.07453451864421 1343.5271298028529 19.728437952697277 19.526414256542921 1269.8080799523741 233.97265347838402 7.1448558270931235 7.8649420142173758 15.83944647759199 53.790268793702126 83.103782579302788 8.664631247520445 57.613773997873068 34.850074872374535 76.749491255730391 72.363243322819471 1051.4460096657276 595.52065247669816 1412.78785584867
leaf_count=2002 3504 4918 615 24427 329537 3580 5 591 99 1966 1217 5123 12673 227 66 8113 2615 11 13 26 619 525 23 108 124 743 450 9810 4256 11271
internal_value=0 0.0561678 0.0465491 0.041025 0.0414643 0.0409254 -0.00711315 0.0412189 0.0489891 0.0665175 0.0808911 0.0301018 0.037186 0.0873343 0.0909375 0.0779488 0.0262985 0.0109505 0.0907713 0.167068 0.0719597 0.0518682 0.183564 0.168608 0.0996896 0.0312845 0.232376 0.0355861 0.016767 0.0468311
internal_weight=0 80399.6 50361.9 41761.4 41561.9 40864.3 248.183 40616.1 7440.6 2994.11 2146.76 847.35 4446.49 2010.59 1961.02 1675.21 405.403 385.877 151.904 285.809 144.759 136.894 266.081 250.241 120.264 85.4141 129.977 4403.28 1646.97 2756.31
internal_count=429257 425753 420835 420220 395793 393791 3585 390206 60669 22560 15471 7089 38109 14254 13663 11962 3849 3783 1168 1701 1157 1144 1474 1448 890 766 558 38010 14066 23944
is_linear=0
shrinkage=0.05


Tree=15
num_leaves=31
num_cat=0
split_feature=12 1 34 9 26 1 44 26 5 4 15 53 1 53 15 15 53 11 26 50 53 53 15 8 15 15 15 1 13 50
split_gain=3307.23 5503.32 3219.04 593.898 278.839 227.168 549.753 414.962 406.039 220.558 263.146 310.923 290.79 259.972 256.236 267.745 463.094 253.107 263.429 430.558 219.685 849.929 855.939 618.17 332.144 300.332 280.909 325.246 319.356 271.64
threshold=1.0000000180025095e-35 1.6993199586868288 3.0000000000000004 2115.5000000000005 1.0000000180025095e-35 2.6821991205215459 0.75000000000000011 7.5000000000000009 1.0000000180025095e-35 8.5000000000000018 500.50000000000006 -0.14869859274068201 1.3379197120666506 -0.13048125853407685 1071.5000000000002 2467.5000000000005 -0.15319869205794437 1.0000000180025095e-35 1683.5000000000002 21.609285354614261 -0.10064268314047371 -0.1019986683965743 428.50000000000006 0.046310063451528556 270.50000000000006 496.50000000000006 69.500000000000014 1.2775929570198061 1.0000000180025095e-35 25.751712799072269
decision_type=2 2 2 2 2 2 2 2 2 2 2 2 2 2 2 2 2 2 2 2 2 2 2 2 2 2 2 2 2 2
left_child=1 2 3 4 -1 6 7 8 -3 10 11 -6 17 -13 -11 -16 -17 18 -12 -20 21 23 -23 24 29 26 28 -28 -22 -15
right_child=-2 5 -4 -5 9 -7 -8 -9 -10 14 12 13 -14 20 15 16 -18 -19 19 -21 25 22 -24 -25 -26 -27 27 -29 -30 -31
leaf_value=0.069564793007402967 0.071410791611715554 -0.13045096751310789 0.071667952731661697 -0.050451850729775753 0.11872813557636766 0.072582005216323853 -0.055021849484754262 0.066779638896942814 0.031054629018942761 0.038762463603441981 -0.032959715375324404 -0.053688078046928059 0.069606401374862903 0.15586789829066017 -0.037529691216819761 -0.054662672495174383 0.10708200220483094 0.18364364393245078 0.22901045433533654 -0.053557097177192363 -0.054960259915915827 -0.055684768659945739 0.72014128484009232 -0.054056734324788497 0.019631365041156854 0.26768207944322825 -0.040822139250667765 0.055567486773818356 0.24624531374144654 0.481855097695288
leaf_weight=695.7948650456965 35826.056886419654 46.072133250534534 8370.5877865254879 189.88284407509491 104.82491007447243 23732.721724927425 99.651915356516838 5172.9638412836939 250.56423404440284 40177.739980626851 531.86899424903095 88.506130576133728 115.4462527371943 70.543851394206285 225.4494402045384 72.869751993566751 112.69023002497852 15.312488626688717 26.082143114879727 27.903928044252098 13.721424637362359 5.6003963202238074 9.7346418872475606 83.894026359543204 49.502154702320695 11.556630421429871 229.6164224203676 141.41715566813946 24.536298556253314 7.0270388610661021
leaf_count=2002 3504 289 615 24427 519 1691 429 2227 282 369218 8596 1438 820 426 4019 1038 702 57 58 493 209 79 11 1284 536 32 3441 752 33 30
internal_value=0 0.0531561 0.043298 0.0377794 0.0381705 0.0704494 0.0613613 0.0634817 0.00597036 0.0376522 0.0191851 0.0381648 -0.00307527 0.0266852 0.0383607 -0.00091776 0.0435646 -0.0170328 -0.0222779 0.082959 0.0376773 0.0774043 0.436808 0.0512795 0.120823 0.0163149 0.00921734 -0.00408383 0.138216 0.185399
internal_weight=0 80704.1 51402.1 43031.5 42841.6 29302 5569.25 5469.6 296.636 42145.8 1557.09 840.481 716.614 735.656 40588.7 411.009 185.56 601.168 585.855 53.9861 647.15 226.302 15.335 210.967 127.073 420.848 409.291 371.034 38.2577 77.5709
internal_count=429257 425753 420835 420220 395793 4918 3227 2798 571 393791 18814 8790 10024 8271 374977 5759 1740 9204 9147 551 6833 2366 90 2276 992 4467 4435 4193 242 456
is_linear=0
shrinkage=0.05


Tree=16
num_leaves=31
num_cat=0
split_feature=12 1 34 9 26 1 44 26 5 4 15 1 53 53 26 26 53 4 0 53 1 15 0 26 53 15 26 4 1 13
split_gain=3687.91 5966.03 3411.16 528.259 271.702 229.415 507.905 389.861 364.446 187.481 225.387 254.29 250.407 231.847 223.358 592.547 844.115 611.579 739.016 639.013 489.908 563.997 592.785 816.334 488.578 566.857 553.677 471.468 450.844 431.646
threshold=1.0000000180025095e-35 1.6993199586868288 3.0000000000000004 2115.5000000000005 1.0000000180025095e-35 2.6821991205215459 0.75000000000000011 7.5000000000000009 1.0000000180025095e-35 8.5000000000000018 500.50000000000006 1.3379197120666506 -0.14869859274068201 -0.13048125853407685 756.50000000000011 675.50000000000011 -0.012701032763480334 13.500000000000002 -0.89229455590248097 -0.15175569463719502 0.99621841311454784 516.50000000000011 0.033175814896821983 738.50000000000011 -0.18683644409135558 656.50000000000011 702.50000000000011 20.500000000000004 0.64494669437408458 1.0000000180025095e-35
decision_type=2 2 2 2 2 2 2 2 2 2 2 2 2 2 2 2 2 2 2 2 2 2 2 2 2 2 2 2 2 2
left_child=1 2 3 4 -1 6 7 8 -3 10 12 -12 -6 -14 15 27 17 24 28 20 29 22 -22 -24 26 -26 -17 -11 -19 -20
right_child=-2 5 -4 -5 9 -7 -8 -9 -10 14 11 -13 13 -15 -16 16 -18 18 19 -21 21 -23 23 -25 25 -27 -28 -29 -30 -31
leaf_value=0.066276370245577212 0.069842875516350128 -0.12269337464649731 0.070116738884729773 -0.050429706234195661 0.10434712826290565 0.070955530564619021 -0.051954666655164385 0.064896797388198854 0.02981025590702166 0.036430516488567315 -0.016534005681974519 0.06303611445332151 -0.053496745764834555 0.034436090005435939 0.02926894984219779 0.26170068159877302 0.43599425620157783 -0.055401059484006393 -0.022738593845156124 -0.045621395753419787 0.30714766449636888 0.018378090134429897 -0.056525719835705583 0.26933911133073013 0.107393499332504 0.0095471393539245265 0.079067093953176293 -0.043375823127188046 0.35158589433770315 0.12747340049937994
leaf_weight=693.85222018137574 34824.215312629938 46.523306380957365 8133.9832786619663 180.69946794211864 113.07454216852784 23079.457557842135 100.2422784967348 5059.7794842077419 248.03787336871028 28935.761520251632 591.1125108525157 120.95389160513878 84.483130373060703 665.12298125401139 11019.482109976932 82.785762473940849 15.340443275868891 9.0290044285356981 225.28045304864645 241.91254088655114 51.805945336818695 100.715217564255 43.083808340132236 34.696889787912369 436.2095011882484 224.04878988489509 83.210392653942108 186.25314689613879 27.620989054441452 60.714634075760841
leaf_count=2002 3504 289 615 24427 519 1691 429 2227 282 260605 9204 820 1438 6833 99067 291 48 106 2196 2390 154 876 446 131 3049 1950 602 2718 36 312
internal_value=0 0.050382 0.0403584 0.0348854 0.0352354 0.068776 0.0595538 0.0616415 0.00572367 0.0347386 0.0178027 -0.00301797 0.0349882 0.0245258 0.035377 0.0375652 0.0668409 0.0633477 0.0320364 0.0214366 0.0528569 0.107133 0.176114 0.0888381 0.0934693 0.0741908 0.17015 0.0359201 0.251322 0.0091503
internal_weight=0 80895.3 52361.2 44227.2 44046.6 28534 5454.58 5354.34 294.561 43352.7 1574.75 712.066 862.681 749.606 41778 30758.5 1636.45 1621.11 794.859 758.209 516.297 230.302 129.587 77.7807 826.254 660.258 165.996 29122 36.65 285.995
internal_count=429257 425753 420835 420220 395793 4918 3227 2798 571 393791 18814 10024 8790 8271 374977 275910 12587 12539 6647 6505 4115 1607 731 577 5892 4999 893 263323 142 2508
is_linear=0
shrinkage=0.05


Tree=17
num_leaves=31
num_cat=0
split_feature=12 1 34 9 26 1 44 26 5 1 44 9 4 15 4 15 15 15 9 9 53 0 15 53 53 9 50 50 53 0
split_gain=4049.66 6375.69 3566.79 472.096 262.348 232.785 469.876 366.844 328.114 181.931 488.857 460.914 443.064 555.19 502.048 587.964 801.883 381.096 678.987 703.67 586.236 522.084 432.58 414.586 845.13 485.201 406.647 859.372 431.065 415.896
threshold=1.0000000180025095e-35 1.6993199586868288 3.0000000000000004 2115.5000000000005 1.0000000180025095e-35 2.6821991205215459 0.75000000000000011 7.5000000000000009 1.0000000180025095e-35 1.2286122441291811 0.75000000000000011 3.5000000000000004 12.500000000000002 684.50000000000011 13.500000000000002 476.50000000000006 423.50000000000006 689.50000000000011 589.50000000000011 473.50000000000006 -0.17207932654827832 0.95182484388351452 418.50000000000006 -0.1363786954810158 -0.12934682643538306 14.500000000000002 23.593904495239261 23.684447288513187 -0.0060637051551313817 0.22344979643821719
decision_type=2 2 2 2 2 2 2 2 2 2 2 2 2 2 2 2 2 2 2 2 2 2 2 2 2 2 2 2 2 2
left_child=1 2 3 4 -1 6 7 8 -3 -6 12 -12 13 -11 15 16 -14 18 19 20 21 -16 -22 25 -25 -24 28 29 -20 -28
right_child=-2 5 -4 -5 9 -7 -8 -9 -10 10 11 -13 14 -15 17 -17 -18 -19 26 -21 22 -23 23 24 -26 -27 27 -29 -30 -31
leaf_value=0.063148164335830315 0.068408115629091826 -0.11583653791258519 0.068700089826397789 -0.050408649510299552 0.030609634515592406 0.069473072672958588 -0.049108276570643941 0.063129546289499502 0.028614892380289237 0.073498696979235778 0.20387460137899996 0.00024577942823811506 0.0098209562379638158 0.026948052092759557 0.10103610091131497 -0.048164380991222347 0.21631757942450297 0.061870721631261928 -0.039601283510337558 0.15488539837968804 -0.0027786594863004857 0.40801120450806583 0.29767625416672816 0.25415005151951964 0.052491155246973967 -0.057260908303073066 0.37595210523295197 -0.0031783181107223678 0.2702891656178239 -0.067028666882218979
leaf_weight=691.8645282946527 33802.783677678555 46.805194947868586 7892.7447437047958 171.9566407748498 36372.426211290061 22410.312497332692 100.73649209365249 4944.2981518320739 245.54414315149188 1977.0346530489624 28.610704656690359 968.22876330837607 315.95712813735008 947.48036986961961 94.266012907028198 375.95974334515631 55.232254173606634 1347.9575993474573 529.21063765138388 138.08708189800382 623.36620086804032 16.236456863582134 10.586741730570791 60.555364478379488 365.8257492184639 106.37623402476311 26.157107565551996 117.70079574733973 11.465006172657011 6.6444663554429999
leaf_count=2002 3504 289 615 24427 332536 1691 429 2227 282 12133 157 9553 2614 7084 610 3812 287 9348 5045 497 5727 25 16 226 1991 1103 56 879 33 59
internal_value=0 0.0478048 0.0376788 0.0322809 0.0325956 0.0672381 0.057854 0.0599116 0.00548819 0.0321205 0.038886 0.00609022 0.0434736 0.0584173 0.0330721 -0.00409177 0.0405472 0.0411102 0.0278252 0.047663 0.0360706 0.146141 0.0256455 0.0582559 0.0811311 -0.0251343 -0.0127958 0.0598951 -0.0330301 0.286219
internal_weight=0 80999.6 53251.9 45359.2 45187.2 27747.7 5337.38 5236.65 292.349 44495.4 8122.94 996.839 7126.1 2924.52 4201.58 747.149 371.189 3454.44 2106.48 1415.3 1277.21 110.502 1166.71 543.344 426.381 116.963 691.178 150.502 540.676 32.8016
internal_count=429257 425753 420835 420220 395793 4918 3227 2798 571 393791 61255 9710 51545 19217 32328 6713 2901 25615 16267 10195 9698 635 9063 3336 2217 1119 6072 994 5078 115
is_linear=0
shrinkage=0.05


Tree=18
num_leaves=31
num_cat=0
split_feature=12 1 34 9 26 1 44 26 5 51 51 1 4 26 50 9 8 1 26 26 26 26 15 15 1 15 9 53 1 53
split_gain=4385.07 6725.48 3685.75 423.87 251.086 237.16 435.213 345.606 296.301 172.928 363.503 174.42 497.567 814.616 467.664 665.887 608.469 359.188 326.761 335.332 470.884 293.433 507.29 391.374 280.119 321.579 441.575 378.062 255.251 873.787
threshold=1.0000000180025095e-35 1.6993199586868288 3.0000000000000004 2115.5000000000005 1.0000000180025095e-35 2.6821991205215459 0.75000000000000011 7.5000000000000009 1.0000000180025095e-35 3.0000000000000004 17.500000000000004 0.47140471637248998 17.500000000000004 198.50000000000003 3.0109890699386601 6.5000000000000009 0.3752934336662293 0.43890908360481268 967.50000000000011 876.50000000000011 543.50000000000011 497.50000000000006 879.50000000000011 883.50000000000011 0.36147417128086096 121.50000000000001 1807.5000000000002 -0.17271536915049365 0.49901743233203893 -0.15961119541566879
decision_type=2 2 2 2 2 2 2 2 2 2 2 2 2 2 2 2 2 2 2 2 2 2 2 2 2 2 2 2 2 2
left_child=1 2 3 4 -1 6 7 8 -3 11 -11 12 14 -14 16 -16 -6 18 19 20 21 22 -15 -24 -17 26 27 -26 29 -13
right_child=-2 5 -4 -5 9 -7 -8 -9 -10 10 -12 28 13 17 15 24 -18 -19 -20 -21 -22 -23 23 -25 25 -27 -28 -29 -30 -31
leaf_value=0.060164232230262876 0.067090618387446274 -0.1097822919385695 0.067402184578099281 -0.050388629860344286 0.10036813062445643 0.068117386134700156 -0.046460626343717115 0.061462086930218651 0.027465697959690272 -0.053751054468553876 0.074316421031366833 0.15619815952068627 -0.055492552936365826 -0.054998423192883186 0.18835545542336271 0.016036619770498993 -0.054726680859569422 -0.055654841182580156 0.042363093957676963 0.37084128928193233 -0.055239018063477877 0.41641404111816771 0.48485572117004988 0.13479356938405768 0.31875825498035804 -0.034085367266139414 0.42199522201153061 -0.0082694052751658455 0.030284351375080971 0.021820153419775182
leaf_weight=689.92056304216385 32769.474685825408 46.913485962897539 7648.6823288053274 163.63356498861685 258.73261482268572 21730.745278149843 101.14230422861874 4827.4965041754767 243.09071777760983 168.40686603169888 82.576353073120117 176.83439490944147 71.694318121299148 16.639106012880802 45.056495524942875 770.31303212046623 83.695560079067945 19.449070990085602 36.048887994140387 26.48749552667141 18.589797992259264 15.951310902833937 13.932028673589228 18.703004198148847 10.034536674618719 856.92815568484366 7.8876187540590754 74.089382238686085 42402.722352994606 382.95288310013711
leaf_count=2002 3504 289 615 24427 1463 1691 429 2227 282 3580 5 1046 940 213 118 7350 1127 224 247 68 222 26 3 52 29 9345 16 645 363439 3633
internal_value=0 0.0454142 0.0352424 0.0299424 0.0302266 0.0658188 0.0562474 0.0582774 0.00526332 0.0297732 -0.0116154 0.0300025 0.0167215 0.0853293 0.00898723 -0.00139114 0.0624602 0.146222 0.17305 0.215761 0.166753 0.230022 0.169682 0.284237 -0.00636383 -0.0245477 0.0642795 0.0307394 0.0307272 0.0642696
internal_weight=0 81009.4 54060 46411.3 46247.6 26949.4 5218.64 5117.5 290.004 45557.7 250.983 45306.7 2344.23 237.495 2106.74 1764.31 342.428 165.801 146.352 110.303 83.8152 65.2254 49.2741 32.635 1719.25 948.94 92.0115 84.1239 42962.5 559.787
internal_count=429257 425753 420835 420220 395793 4918 3227 2798 571 393791 3585 390206 22088 1995 20093 17503 2590 1055 831 584 516 294 268 55 17385 10035 690 674 368118 4679
is_linear=0
shrinkage=0.05


Tree=19
num_leaves=31
num_cat=0
split_feature=12 1 34 9 1 9 5 44 26 1 0 50 8 4 9 15 9 4 26 26 1 15 9 9 26 50 44 53 0 9
split_gain=4696.87 7023.03 3773.94 382.078 242.445 413.176 299.465 252.203 238.644 171.397 368.915 315.823 548.467 506.267 337.246 419.861 378.721 417.49 363.98 522.875 797.503 332.181 307.11 433.67 381.747 329.338 324.647 307.857 399.741 364.679
threshold=1.0000000180025095e-35 1.6993199586868288 3.0000000000000004 2115.5000000000005 2.6821991205215459 9.5000000000000018 1.0000000180025095e-35 0.75000000000000011 1.0000000180025095e-35 1.3622040152549746 0.17840676754713061 21.698977470397953 0.28053551912307745 12.500000000000002 65.500000000000014 735.50000000000011 50.500000000000007 11.500000000000002 90.500000000000014 96.500000000000014 1.3981578350067141 723.50000000000011 604.50000000000011 402.50000000000006 657.50000000000011 21.126264572143558 0.75000000000000011 -0.16068160202782428 0.44398877024650579 266.50000000000006
decision_type=2 2 2 2 2 2 2 2 2 2 2 2 2 2 2 2 2 2 2 2 2 2 2 2 2 2 2 2 2 2
left_child=1 2 3 8 5 6 -3 -7 -1 -10 -11 12 22 -13 15 16 21 -18 -16 20 -20 -14 23 26 -24 -25 27 28 -12 -29
right_child=-2 4 -4 -5 -6 7 -8 -9 9 10 11 13 14 -15 18 -17 17 -19 19 -21 -22 -23 24 25 -26 -27 -28 29 -30 -31
leaf_value=0.057312591603172008 0.065876826417792828 -0.11188116328139353 0.066209525545043002 -0.05036959492946378 0.066873835943273452 0.05979426896470233 0.020540705801826684 -0.027614856926234155 0.026665337438011201 0.10698759975778932 -0.056423808174233661 0.047735622518552408 0.036402047775744267 -0.016447849003773714 -0.056521065547048416 -0.019206274762003376 0.26501033181206901 0.063842736084209775 0.35268185342753178 0.0046694554373568056 -0.058244183585832887 0.21696267534911493 -0.036011660020362407 0.088700129505243863 0.058983563241705755 0.2118943474101096 -0.058897628807678806 0.07283760384760618 0.24456910540454568 -0.061351991218064394
leaf_weight=688.08417693525553 31730.944656025618 51.6635478772223 7403.3600819259882 155.71039746049792 21045.477146372199 4717.6475384868681 245.91096517443657 83.99242043774575 42123.035342920572 180.60790292173624 14.235081262886522 563.98040557652712 417.95154343359172 674.89679970219731 218.1024454459548 187.08020813390613 46.399267930537462 58.068680576980114 27.624558925628662 499.09744746796787 20.620754808187485 27.125519815832376 143.69916922971606 124.33127565309405 400.545758260414 96.245698049664497 51.142940737307072 581.15063198655844 49.004100475460291 55.462501481175423
leaf_count=2002 3504 304 615 24427 1691 2262 319 342 365689 373 147 2876 3266 4817 2340 1584 95 294 59 4428 214 65 1174 567 1885 189 587 2555 49 538
internal_value=0 0.0431809 0.0330093 0.0278242 0.0645038 0.0547221 -0.00244978 0.0582653 0.0280819 0.02765 0.0369967 0.0340271 0.0427531 0.0127707 0.0213404 0.0454912 0.067516 0.153191 -0.00190115 0.0198635 0.177046 0.0474064 0.0639716 0.0808159 0.0339016 0.142454 0.062712 0.0715988 0.176816 0.0611468
internal_weight=0 80952.3 54807.6 47404.2 26144.7 5099.21 297.575 4801.64 47248.5 46560.4 4437.37 4256.76 3017.89 1238.88 1502.07 736.625 549.545 104.468 765.445 547.343 48.2453 445.077 1515.82 971.572 544.245 220.577 750.995 699.852 63.2392 636.613
internal_count=429257 425753 420835 420220 4918 3227 623 2604 395793 393791 28102 27729 20036 7693 12345 5304 3720 389 7041 4701 273 3331 7691 4632 3059 756 3876 3289 196 3093
is_linear=0
shrinkage=0.05


Tree=20
num_leaves=31
num_cat=0
split_feature=12 1 34 9 1 9 5 44 26 15 4 15 0 0 1 26 15 1 1 26 0 1 53 26 4 13 53 1 53 1
split_gain=4981.03 7265.44 3832.79 345.725 248.965 388.664 270.566 235.785 225.318 168.599 151.093 194.597 224.933 320.389 232.139 260.174 179.541 210.842 510.005 344.495 320.233 288.165 283.602 263.704 209.505 217.323 199.162 199.495 381.533 337.411
threshold=1.0000000180025095e-35 1.6993199586868288 3.0000000000000004 2115.5000000000005 2.6821991205215459 9.5000000000000018 1.0000000180025095e-35 0.75000000000000011 1.0000000180025095e-35 288.50000000000006 8.5000000000000018 1071.5000000000002 -1.2254461646080015 0.19886361807584765 1.3232387304306032 242.50000000000003 500.50000000000006 1.0664659142494204 1.0933033227920534 9.5000000000000018 0.27791436016559606 1.3379197120666506 1.0000000180025095e-35 1683.5000000000002 4.5000000000000009 1.0000000180025095e-35 -0.14869859274068201 0.64494669437408458 -0.10064268314047371 0.55856317281723034
decision_type=2 2 2 2 2 2 2 2 2 2 2 2 2 2 2 2 2 2 2 2 2 2 2 2 2 2 2 2 2 2
left_child=1 2 3 8 5 6 -3 -7 -1 -8 16 -12 -13 -14 15 -15 26 19 20 22 23 -20 -18 -19 25 -21 -10 28 29 -28
right_child=-2 4 -4 -5 -6 7 9 -9 10 -11 11 12 13 14 -16 -17 17 18 21 24 -22 -23 -24 -25 -26 -27 27 -29 -30 -31
leaf_value=0.054584200237116992 0.064755081486523106 -0.10628746509146823 0.065110550389332944 -0.05035149736857987 0.065729895181833892 0.05828377860090609 -0.14960063135614174 -0.026202514906481258 0.084005011733786397 0.029872756689673003 0.026598388853540423 0.09747465769922993 -0.053812762001130644 -0.054692864277453249 -0.058875873421537189 0.12168477473201444 0.1929396023883197 -0.054522951123503263 -0.054332861341872242 -0.060058972874916419 0.48701784684703642 0.049143275755453075 -0.057110100825291048 0.21137480281604981 -0.053811172095851449 0.24444534594966549 -0.054487081191281511 0.00488129632764103 -0.0081908543595957863 0.20892564389828649
leaf_weight=686.39878742396832 30692.921936821193 51.662506606429815 7158.122071146965 148.1682077893056 20358.57817697525 4600.8989641945809 13.87445694208145 84.091037378646433 126.75884032994509 230.15015254914761 45345.635178640485 46.611039154231548 247.5248746117577 28.046553112566471 44.168015458621085 82.147930664941669 29.622228045016527 14.14596153795719 135.02668537385762 11.138515278697014 6.9697990156710139 134.10525342822075 18.372787196189165 27.357886202633381 371.26713068038225 12.363176748156548 15.511964837089179 663.57827452011406 77.252268228679895 56.208486415445805
leaf_count=2002 3504 304 615 24427 1691 2262 75 342 519 244 369218 233 4264 411 507 344 84 225 2087 166 48 820 284 22 6269 19 216 6867 984 204
internal_value=0 0.0410954 0.0309649 0.0259075 0.0632785 0.0532584 -0.00233857 0.0567673 0.026142 0.0196685 0.0257309 0.0262742 -0.00649908 -0.018558 0.0379741 0.0767934 0.0110925 -0.00696931 0.0241176 -0.0292687 0.173412 -0.00277193 0.097219 0.120748 -0.0446468 0.100127 0.0257135 0.0166199 0.0689081 0.151954
internal_weight=0 80825.8 55486.5 48328.4 25339.3 4980.68 295.687 4684.99 48180.2 244.025 47493.8 45794.1 448.498 401.887 154.362 110.194 1699.68 760.369 317.606 442.764 48.4736 269.132 47.995 41.5038 394.769 23.5017 939.31 812.551 148.973 71.7205
internal_count=429257 425753 420835 420220 4918 3227 623 2604 395793 319 393791 374977 5759 5526 1262 755 18814 10024 3202 6822 295 2907 368 247 6454 185 8790 8271 1404 420
is_linear=0
shrinkage=0.05


Tree=21
num_leaves=31
num_cat=0
split_feature=12 1 34 9 1 9 5 44 26 15 53 53 0 8 8 1 53 15 8 0 9 26 15 4 26 26 1 3 0 9
split_gain=5241.13 7462.38 3867.81 313.838 256.081 365.31 245.39 220.625 214.46 376.553 290.573 294.61 307.157 267.021 427.905 416.964 339.727 319.694 298.94 383.247 245.688 238.831 238.446 331.855 316.802 456.527 303.306 449.984 277.264 252.11
threshold=1.0000000180025095e-35 1.6993199586868288 3.0000000000000004 2115.5000000000005 2.6821991205215459 9.5000000000000018 1.0000000180025095e-35 0.75000000000000011 14.500000000000002 255.50000000000003 0.028976188348011637 0.020105032726708997 -0.13626071810722348 0.30831687152385717 0.26232036948204046 0.53141134977340709 -0.18088652327516413 951.50000000000011 0.084219858050346388 -2.2369049787521358 10.500000000000002 11.500000000000002 292.50000000000006 12.500000000000002 8.5000000000000018 6.5000000000000009 0.59967660903930675 1.0000000180025095e-35 -1.5380859971046446 16.500000000000004
decision_type=2 2 2 2 2 2 2 2 2 2 2 2 2 2 2 2 2 2 2 2 2 2 2 2 2 2 2 2 2 2
left_child=1 2 3 8 5 6 -3 -7 9 10 11 21 -13 14 18 -15 -16 22 20 -20 -11 -1 24 29 25 -17 27 -25 -29 -24
right_child=-2 4 -4 -5 -6 7 -8 -9 -10 13 -12 12 -14 15 16 17 -18 -19 19 -21 -22 -23 23 26 -26 -27 -28 28 -30 -31
leaf_value=0.027427737094418571 0.063715297660206657 -0.10136668764351785 0.064095265430438808 -0.050334288166495461 0.064674791430767112 0.05683828100086688 0.018867427225529938 -0.024868804234146322 0.02330255195334037 0.18484351595656959 -0.041965629107464368 -0.0561823605616424 0.2686710430654845 -0.055176891083577997 0.34150003342839552 0.064662275564014979 0.11529254060768651 -0.016578648330977535 0.15304847260575621 -0.03149379606264343 0.060376211176304019 -0.05720121136636297 0.048538160144869037 -0.055638864153644468 -0.05739887095830444 0.21931127668904088 0.018467338046319875 -0.054693550921637191 0.29604659041824055 0.11134924659792794
leaf_weight=571.12853641435504 29660.309487003833 51.466196859255433 6914.1205250918865 140.98893113480881 19673.54342186451 4484.9761203061789 241.87868136167526 84.168681143783033 44419.307002441958 45.709922522306442 234.16455152630806 10.615858837962149 23.132567092776299 122.20777865685523 18.903273180127144 163.70683129131794 136.10496661067009 236.54889336787164 33.907765325158834 165.21241662092507 298.92877687886357 97.615679726004601 791.59828968346119 20.459705781191587 32.315117180347443 67.355793617665768 1335.2126177474856 6.841486729681491 31.940839394927025 200.14913751929998
leaf_count=3643 3504 304 615 24427 1691 2262 319 342 362965 122 2380 117 101 1583 31 617 231 2482 45 1441 765 1030 5341 234 335 135 10817 90 81 1207
internal_value=0 0.0391344 0.0290779 0.0241573 0.0621353 0.0518606 -0.00222717 0.0553331 0.0243714 0.0345953 0.00626995 0.0223485 0.166486 0.0417521 0.0695956 0.0352848 0.142879 0.0391152 0.0487049 -6.84735e-05 0.0768845 0.0150746 0.0440874 0.0391042 0.0892357 0.109743 0.0233792 0.134084 0.234173 0.0612144
internal_weight=0 80654.2 56118.2 49204.1 24536 4862.49 293.345 4569.14 49063.1 4643.76 936.657 702.493 33.7484 3707.1 698.767 3008.34 155.008 2886.13 543.759 199.12 344.639 668.744 2649.58 2386.2 263.378 231.063 1394.45 59.242 38.7823 991.747
internal_count=429257 425753 420835 420220 4918 3227 623 2604 395793 32828 7271 4891 218 25557 2635 22922 262 21339 2373 1486 887 4673 18857 17770 1087 752 11222 405 171 6548
is_linear=0
shrinkage=0.05


Tree=22
num_leaves=31
num_cat=0
split_feature=12 1 34 9 1 9 5 26 44 1 0 50 8 4 26 9 26 9 15 26 26 1 1 53 53 15 0 9 15 9
split_gain=5477.59 7616.57 3882.11 285.721 264.083 343.919 223.166 212.643 206.591 152.153 318.022 258.517 467.096 435.487 292.806 360.911 304.586 277.862 337.772 325.622 379.622 485.259 294.096 649.787 887.855 463.267 297.475 282.566 272.99 308.434
threshold=1.0000000180025095e-35 1.6993199586868288 3.0000000000000004 2115.5000000000005 2.6821991205215459 9.5000000000000018 1.0000000180025095e-35 1.0000000180025095e-35 0.75000000000000011 1.3622040152549746 0.17840676754713061 21.698977470397953 0.28053551912307745 12.500000000000002 242.50000000000003 2062.5000000000005 994.50000000000011 65.500000000000014 735.50000000000011 90.500000000000014 96.500000000000014 1.3981578350067141 1.4305143356323244 -0.1363786954810158 -0.13786056260576146 99.500000000000014 1.3982275128364565 50.500000000000007 216.50000000000003 516.50000000000011
decision_type=2 2 2 2 2 2 2 2 2 2 2 2 2 2 2 2 2 2 2 2 2 2 2 2 2 2 2 2 2 2
left_child=1 2 3 7 5 6 -3 -1 -7 -9 -11 12 28 -13 -15 -16 -17 18 27 -19 21 -21 -22 24 25 -24 -25 -14 -12 -30
right_child=-2 4 -4 -5 -6 8 -8 9 -10 10 11 13 17 14 15 16 -18 19 -20 20 22 -23 23 26 -26 -27 -28 -29 29 -31
leaf_value=0.050481200949159269 0.062748720488509754 -0.097019662062700074 0.063154996742884772 -0.050317924536808334 0.063699208187910875 0.055449283135171071 0.01805994228845233 0.021467273670103718 -0.023608385909021354 0.094416372848704785 0.0084897962771142907 0.040725714088731713 0.039005724484343994 0.048629062791510656 -0.044738872069163244 0.37568232179130034 0.037479979904572018 -0.056482874105318652 -0.020474626494938912 0.24495892468573308 -0.056150977204421054 -0.058176575153618029 0.39539874184034735 0.070434729674621582 0.39541370339407139 -0.0027497473670576051 -0.045630117356837252 0.12523820829963495 0.082943570677217499 0.033463431609160425
leaf_weight=681.77775792777538 28637.287451937795 51.092516081407666 6672.336807757616 134.1553313001059 18993.357005447149 4370.3892313465476 240.10496712476015 44573.486514846794 84.227595975622535 189.4904806651175 264.05807360634208 591.22013738751411 477.52728856354952 133.47413222119212 515.23892888426781 8.6934474147856218 28.423350341618061 216.97868776321411 189.48583123460412 37.122063748538494 153.66868735104799 20.488507159054279 8.337205305695532 77.123812628909945 24.991552017629147 59.069984499365091 194.26233729347587 118.59115470945835 828.09855982661247 508.25137543492019
leaf_count=2002 3504 304 615 24427 1691 2262 319 365689 342 373 1614 2876 3331 510 4143 3 161 2340 1584 59 1689 214 14 318 32 389 1986 389 3475 2602
internal_value=0 0.0372848 0.0273303 0.0225529 0.0610631 0.0505131 -0.00213153 0.0227488 0.0539545 0.0223647 0.0309768 0.0282785 0.0359135 0.00927815 -0.0178313 -0.0338911 0.116693 0.0166071 0.0376765 -0.00429108 0.0154015 0.137152 0.00184641 0.0263455 0.140869 0.0464949 -0.0126463 0.0561607 0.0549454 0.0641249
internal_weight=0 80445.5 56706.4 50034 23739.2 4745.81 291.197 49899.9 4454.62 49218.1 4644.6 4455.11 3178.06 1277.05 685.83 552.356 37.1168 1577.65 785.604 792.043 575.064 57.6106 517.454 363.785 92.3987 67.4072 271.386 596.118 1600.41 1336.35
internal_count=429257 425753 420835 420220 4918 3227 623 395793 2604 393791 28102 27729 20036 7693 4817 4307 164 12345 5304 7041 4701 273 4428 2739 435 403 2304 3720 7691 6077
is_linear=0
shrinkage=0.05


Tree=23
num_leaves=31
num_cat=0
split_feature=12 1 34 1 9 9 5 26 44 15 9 1 0 1 26 15 0 15 8 44 9 50 8 0 53 15 15 15 1 26
split_gain=5685.5 7725.53 3876.16 272.752 323.848 261.788 203.535 196.019 193.569 149.922 148.542 137.647 278.625 320.987 249.062 236.187 354.117 426.016 239.063 492.026 347.546 381.31 377.761 336.358 311.346 415.855 298.397 393.948 501.879 288.716
threshold=1.0000000180025095e-35 1.6993199586868288 3.0000000000000004 2.6821991205215459 9.5000000000000018 2076.5000000000005 1.0000000180025095e-35 1.0000000180025095e-35 0.75000000000000011 288.50000000000006 4.5000000000000009 1.3622040152549746 0.19886361807584765 1.3883618116378786 72.500000000000014 216.50000000000003 1.2243967056274416 150.50000000000003 0.29233326017856603 0.75000000000000011 531.50000000000011 24.886578559875492 0.039981825277209289 0.95182484388351452 -0.12934682643538306 939.50000000000011 385.50000000000006 381.50000000000006 1.3792914748191836 830.50000000000011
decision_type=2 2 2 2 2 2 2 2 2 2 2 2 2 2 2 2 2 2 2 2 2 2 2 2 2 2 2 2 2 2
left_child=1 2 5 4 6 7 -3 -1 -6 -8 -2 -9 13 -13 -15 16 -14 -18 19 20 -17 23 -23 24 25 26 27 28 -22 -26
right_child=10 3 -4 -5 8 -7 9 11 -10 -11 -12 12 15 14 -16 18 17 -19 -20 -21 21 22 -24 -25 29 -27 -28 -29 -30 -31
leaf_value=0.048043312463470794 0.038725509623282223 -0.093162991095597558 0.06228218994812397 0.062795033982287626 0.054109431907187755 -0.021340488225002972 -0.13979944392080737 0.020177943226139 -0.022416406426395627 0.027292652240857786 0.062428987254115255 -0.057613148552567044 -0.054315733412257261 0.35284151110308587 0.087396966989689462 0.066658804634974173 0.059697014306482547 -0.058806927477083895 0.012292500717019712 -0.030124414237999837 0.17216922384382449 -0.077805641934799941 0.33320810915260607 -0.059121050493074957 0.004437555379702556 0.072089104034522358 -0.062926310110897457 0.34940449241268556 -0.064567849644997538 0.076655988007966636
leaf_weight=680.58679919689894 677.56083365529776 50.560326291248202 6433.6012558490038 18320.553114384413 4257.5646339841187 360.97855583857745 14.279734797775744 45061.345923442394 84.269858281128109 224.10941127315164 26949.832413524389 38.694225434213877 216.31491144932806 9.169270344078539 243.77437811717391 1093.2738286107779 267.39198091626167 105.86751645430923 1216.0579232331365 233.30114622414112 32.495767466723919 7.881672844290736 19.230445697903633 110.43135636672378 198.74403098598123 146.13006426393986 220.68766604363918 9.2564452365040761 71.971083723008633 455.75000151991844
leaf_count=2002 994 304 615 1691 2262 28601 75 361764 342 244 2510 359 1714 4 381 4538 1638 1125 9542 1991 104 62 17 1023 998 442 1889 14 610 1402
internal_value=0 0.0355466 0.0257185 0.0600547 0.0492131 0.0210878 -0.00204226 0.0213915 0.0526242 0.0172837 0.0618477 0.0210269 0.0291729 0.0765029 0.0970194 0.0260392 -0.00341355 0.0260858 0.0305906 0.0391517 0.0459831 0.0282206 0.213724 0.0241824 0.0322873 0.00172581 -0.0290214 0.0367734 0.00907228 0.0547261
internal_weight=0 80184.3 57232.9 22951.3 4630.78 50799.3 288.949 50438.4 4341.83 238.389 27627.4 49757.8 4696.42 291.638 252.944 4404.79 589.574 373.259 3815.21 2599.15 2365.85 1272.58 27.1121 1245.47 1135.04 480.541 334.411 113.723 104.467 654.494
internal_count=429257 425753 420835 4918 3227 420220 623 391619 2604 319 3504 389617 27853 744 385 27109 4477 2763 22632 13090 11099 6561 79 6482 5459 3059 2617 728 714 2400
is_linear=0
shrinkage=0.05


Tree=24
num_leaves=31
num_cat=0
split_feature=12 1 34 1 9 9 26 8 8 0 15 5 44 15 53 50 53 53 50 9 8 26 0 0 26 26 26 26 1 0
split_gain=5868.7 7794.54 3853.02 281.807 304.467 245.859 187.989 308.729 363.597 258.183 208.117 186.203 181.46 164.552 431.196 347.175 280.778 236.732 946.369 548.268 512.669 425.297 381.387 364.422 700.317 360.755 357.645 353.53 390.265 366.012
threshold=1.0000000180025095e-35 1.6993199586868288 3.0000000000000004 2.6821991205215459 9.5000000000000018 2115.5000000000005 3.5000000000000004 0.3752934336662293 0.36415904760360723 0.41080191731452947 891.50000000000011 1.0000000180025095e-35 0.75000000000000011 109.50000000000001 -0.18810112875268556 23.448496818542484 -0.19228311629997058 -0.18996135702304906 22.259500503540043 459.50000000000006 0.045463157817721374 206.50000000000003 -0.12314926832914351 -0.11307312548160552 684.50000000000011 876.50000000000011 610.50000000000011 218.50000000000003 1.1257711648941042 -0.090194165706634508
decision_type=2 2 2 2 2 2 2 2 2 2 2 2 2 2 2 2 2 2 2 2 2 2 2 2 2 2 2 2 2 2
left_child=1 2 5 4 11 6 7 8 9 -1 -9 -3 -6 14 15 -8 -17 18 20 21 -15 -20 -22 24 -24 26 -25 -23 29 -29
right_child=-2 3 -4 -5 12 -7 13 10 -10 -11 -12 -13 -14 17 -16 16 -18 -19 19 -21 22 27 23 25 -26 -27 -28 28 -30 -31
leaf_value=0.074125044310252977 0.061011473224470092 -0.089726817815969792 0.061470205473002228 0.061955172077656988 0.052812399585134367 -0.050295996644736857 -0.057975422258876586 0.030072330185679341 0.26377312921688656 -0.063150986071297058 -0.040695248095698869 0.016579540778188566 -0.021288438560997408 -0.057708559039390941 0.03567307405314523 0.37652002921422417 -0.057256255865980613 0.017695459066923942 0.028015977422934893 0.056802616928182073 -0.024776613746648319 0.33404916663030243 -0.057066307923456405 0.023781014770892624 0.25744011232384723 -0.058220052288461346 0.098143416525301702 0.20136690857521355 0.34384294707682317 -0.057274116983729556
leaf_weight=375.10592246055603 26631.127096083015 49.888514548540115 6198.6121037304401 17657.272434040904 4146.8546537160873 124.98738829512149 189.28856941312551 1185.6348503194749 23.502821769565344 37.693201515823603 113.869235470891 236.28504336625338 84.297370399814099 227.48287849128246 2836.9050936754793 8.6854118555784208 6.5392524302005759 43700.73412804585 44.137966230511665 771.10581123828888 348.13461995869875 38.488421276211739 28.197138763964176 1025.2379677854478 47.546050474047661 112.11730771511793 191.96581921726465 29.099799014627934 18.778801053762436 25.811405040323734
leaf_count=817 3504 304 615 1691 2262 24427 1765 7449 82 409 1149 319 342 2005 18760 6 61 344565 323 4796 2993 49 262 7960 67 948 962 110 22 233
internal_value=0 0.0339082 0.0242268 0.0591042 0.0479602 0.0197451 0.0199155 0.0360897 0.0724814 0.0615902 0.0238713 -0.0019528 0.0513361 0.01935 0.0306182 -0.0395 0.190206 0.0186147 0.0324282 0.0741117 0.0129106 0.159497 0.0220736 0.0336818 0.140358 0.0276035 0.0355087 0.21123 0.147081 0.0797908
internal_weight=0 79884.3 57709.7 22174.6 4517.33 51511 51386.1 1735.81 436.302 412.799 1299.5 286.174 4231.15 49650.3 3041.42 204.513 15.2247 46608.8 2908.1 927.422 1980.68 156.316 1753.2 1405.06 75.7432 1329.32 1217.2 112.178 73.69 54.9112
internal_count=429257 425753 420835 4918 3227 420220 395793 9906 1308 1226 8598 623 2604 385887 20592 1832 67 365295 20730 5533 15197 737 13192 10199 329 9870 8922 414 365 343
is_linear=0
shrinkage=0.05


Tree=25
num_leaves=31
num_cat=0
split_feature=12 1 34 1 8 9 45 5 15 1 0 9 1 1 44 8 9 9 26 4 26 8 1 26 26 15 4 9 1 4
split_gain=6031.1 7835.9 3793.43 236.972 253.242 229.679 223.793 220.534 257.938 202.795 463.241 267.948 249.059 377.511 196.848 185.273 1522.08 450.473 433.052 608.178 577.028 558.25 480.935 337.157 307.186 350.717 708.913 486.546 480.035 569.154
threshold=1.0000000180025095e-35 1.8040788769721987 3.0000000000000004 2.6821991205215459 0.34351679682731634 2115.5000000000005 1.0000000180025095e-35 1.0000000180025095e-35 883.50000000000011 1.3539888858795168 0.057039219886064536 6.5000000000000009 1.260329604148865 1.2716695070266726 0.75000000000000011 0.059724958613514907 260.50000000000006 18.500000000000004 210.50000000000003 13.500000000000002 206.50000000000003 0.30727711319923406 0.81975653767585765 9.5000000000000018 756.50000000000011 779.50000000000011 10.500000000000002 50.500000000000007 0.85987415909767162 16.500000000000004
decision_type=2 2 2 2 2 2 2 2 2 2 2 2 2 2 2 2 2 2 2 2 2 2 2 2 2 2 2 2 2 2
left_child=1 2 5 4 -3 6 15 8 -6 10 -8 -11 -12 14 -14 17 18 23 20 -20 -17 -22 -21 -1 25 27 -27 -19 -29 -30
right_child=-2 3 -4 -5 7 -7 9 -9 -10 11 12 -13 13 -15 -16 16 -18 24 19 22 21 -23 -24 -25 -26 26 -28 28 29 -31
leaf_value=-0.063001454265685639 0.060222275653282892 0.051766289591742981 0.060716334666158826 0.061173390151399214 -0.1315829327593557 -0.050295104032120001 0.036487532436175231 0.032249881303876522 0.024399915170031778 -0.021260918698481155 -0.063225447105465668 0.070516929622072386 0.099851337465128059 -0.034895737832646948 0.38081984243619549 0.018900641415215497 -0.043787959823136394 -0.059066638871930345 -0.044713033218977474 -0.039691406366514775 0.15498824769361347 -0.056798545217721846 0.046913287200835145 0.19922123554076712 0.014703023778146649 -0.044807343113938046 0.019741517738006031 0.017756265908445437 0.031574774717031372 0.067479259794496302
leaf_weight=15.527101214975117 25655.84422775358 3518.8833069205284 5979.873537749052 17005.304384276271 52.074779406189919 120.36814311891794 1458.3333564419299 285.35328049957752 53.972683027386665 92.660884842276573 202.85265461355448 561.07029600813985 22.560094650834799 63.626448582857847 8.6141328662633914 17245.163253972307 1064.1381394788623 154.99400829896331 645.5286527890712 228.19288334809244 141.73629873618484 39.867019321769476 538.82139545120299 58.229135286062956 13528.002332540229 482.5645809173584 3588.1792533509433 4834.0824755392969 6251.7266648411751 1340.4042300693691
leaf_count=145 3504 1086 616 1691 240 24494 6921 216 59 630 2039 463 81 439 13 136507 15603 1464 6928 2414 708 395 4221 192 102871 4717 25690 35371 41565 7974
internal_value=0 0.0323448 0.0229769 0.0586213 0.0475226 0.0186936 0.0188515 0.0093699 -0.0521957 0.0337356 0.0248853 0.0575082 -0.0319588 0.0349449 0.177489 0.0181365 0.0143899 0.0206013 0.0176761 -0.00895049 0.0198343 0.108495 0.0211477 0.144018 0.0202997 0.0248464 0.0120896 0.0289739 0.030072 0.0379138
internal_weight=0 79582.7 58667.1 20915.6 3910.28 52687.2 52566.9 391.401 106.047 2409.72 1755.99 653.731 297.653 94.8007 31.1742 50157.2 19903.4 30253.7 18839.3 1412.54 17426.8 181.603 767.014 73.7562 30180 16652 4070.74 12581.2 12426.2 7592.13
internal_count=429257 425753 422461 3292 1601 421845 397351 515 299 10586 9493 1093 2572 533 94 386765 166776 219989 151173 13563 137610 1103 6635 337 219652 116781 30407 86374 84910 49539
is_linear=0
shrinkage=0.05


Tree=26
num_leaves=31
num_cat=0
split_feature=12 1 34 1 8 9 45 5 15 1 0 26 1 1 15 3 1 4 1 15 1 0 1 15 15 9 26 4 53 1
split_gain=6166.36 7857.46 3747.8 239.731 241.952 211.132 206.536 200.642 229.936 191.067 416.429 253.914 232.918 299.45 180.039 349.182 217.1 348.418 339.834 252.87 226.343 271.348 197.51 178.388 216.76 178.164 177.935 166.84 163.603 208.967
threshold=1.0000000180025095e-35 1.8040788769721987 3.0000000000000004 2.6821991205215459 0.34351679682731634 2115.5000000000005 1.0000000180025095e-35 1.0000000180025095e-35 883.50000000000011 1.3539888858795168 0.057039219886064536 2.5000000000000004 1.260329604148865 1.2716695070266726 603.50000000000011 1.0000000180025095e-35 0.83225065469741832 18.500000000000004 0.79137718677520763 608.50000000000011 0.95170083642005932 -0.74188098311424244 0.66727870702743541 480.50000000000006 476.50000000000006 4.5000000000000009 2.5000000000000004 10.500000000000002 0.037930681171495235 0.81975653767585765
decision_type=2 2 2 2 2 2 2 2 2 2 2 2 2 2 2 2 2 2 2 2 2 2 2 2 2 2 2 2 2 2
left_child=1 2 5 4 -3 6 -1 8 -6 10 14 -11 -12 -14 15 22 17 19 -19 -16 -18 -22 -8 24 -24 -2 -9 -23 -21 -30
right_child=25 3 -4 -5 7 -7 9 26 -10 11 12 -13 13 -15 16 -17 20 18 -20 28 21 27 23 -25 -26 -27 -28 -29 29 -31
leaf_value=0.017000316328285695 0.033263508172866739 0.05075050217105144 0.060009076055206348 0.060444199244846564 -0.12387762685685209 -0.050280698287228559 -0.068716426745189629 -0.032903692508329502 0.023396732211879753 -0.073015997496780949 -0.062716267383762236 0.06286506888759491 0.14862327548395401 -0.033573523612304361 0.30641722976994473 -0.058351082782969403 -0.062643020120796367 0.095639020396886251 0.39431204888331095 0.078972049030152772 0.29132612940604224 0.091488587250744546 0.044651198046543945 -0.037946315860749452 0.26299782216099193 0.060168394426107698 0.055888982989968417 0.011711151811541256 -0.05763061897375428 0.13726284561106863
leaf_weight=50795.297775832936 631.45702373981476 3412.5616388171911 5753.5677714496851 16366.12786179781 52.534614130854607 114.52969335229136 44.913960084319115 78.208858862519264 53.485210746526718 36.431573633104563 194.48640570230782 610.60542776063085 35.173772446811199 62.845931325107813 10.334836866706608 126.1890277992934 58.805213045328856 22.181340638548136 16.690033286809921 188.04668895900249 10.721669510006903 93.410613760352135 533.1639925763011 65.638401407748461 11.614057589322327 24069.711738355458 202.53633914887905 219.61767331697047 55.141252363100648 18.324498351663351
leaf_count=386765 994 1086 616 1691 240 24494 440 164 59 400 2039 693 94 439 15 1330 549 51 10 534 4 186 1725 442 15 2510 52 960 630 30
internal_value=0 0.0308688 0.0216702 0.0578175 0.0465027 0.0175335 0.0176795 0.00902281 -0.0495802 0.0319679 0.0234571 0.0552143 -0.0310413 0.0318067 0.0342661 0.0178122 0.0528145 0.0838609 0.223879 0.0638397 0.027598 0.0439891 0.032478 0.0399238 0.0493061 0.0594806 0.0311535 0.0355175 0.0542532 -0.00901851
internal_weight=0 79243.2 59077.7 20165.5 3799.33 53324.2 53209.6 386.765 106.02 2414.34 1767.3 647.037 292.506 98.0197 1474.79 781.519 693.274 310.719 38.8714 271.847 382.555 323.75 655.33 610.416 544.778 24701.2 280.745 313.028 261.512 73.4658
internal_count=429257 425753 422461 3292 1601 421845 397351 515 299 10586 9493 1093 2572 533 6921 3952 2969 1270 61 1209 1699 1150 2622 2182 1740 3504 216 1146 1194 660
is_linear=0
shrinkage=0.05


Tree=27
num_leaves=31
num_cat=0
split_feature=12 1 34 1 8 9 45 5 15 9 1 0 9 1 1 26 8 9 26 4 26 8 1 26 8 9 1 0 15 9
split_gain=6280.9 7849.86 3691.23 242.456 230.466 194.487 190.889 183.127 206.465 182.053 180.081 374.399 233.442 219.062 248.491 165.63 160.133 1371.67 378.95 555.931 457.155 428.312 420.161 350.548 296.072 288.72 483.166 383.425 405.978 531.794
threshold=1.0000000180025095e-35 1.8040788769721987 3.0000000000000004 2.6821991205215459 0.34351679682731634 2115.5000000000005 1.0000000180025095e-35 1.0000000180025095e-35 883.50000000000011 4.5000000000000009 1.3539888858795168 0.057039219886064536 6.5000000000000009 1.260329604148865 1.2716695070266726 2.5000000000000004 0.059724958613514907 260.50000000000006 210.50000000000003 13.500000000000002 206.50000000000003 0.30727711319923406 0.81975653767585765 18.500000000000004 0.064987856894731535 546.50000000000011 0.79137718677520763 -0.58001306653022755 804.50000000000011 531.50000000000011
decision_type=2 2 2 2 2 2 2 2 2 2 2 2 2 2 2 2 2 2 2 2 2 2 2 2 2 2 2 2 2 2
left_child=1 2 5 4 -3 6 16 8 -6 -2 11 -8 -12 -13 -15 -9 23 18 20 -20 24 -22 -21 -1 -18 26 -25 -28 -29 -30
right_child=9 3 -4 -5 7 -7 10 15 -10 -11 12 13 -14 14 -16 -17 17 -19 19 22 21 -23 -24 25 -26 -27 27 28 29 -31
leaf_value=0.06558434508798508 0.032095155647069856 0.049765517646454704 0.059347053276322573 0.05976270828002242 -0.11733175219239139 -0.050267000817524499 0.032238797921434352 -0.030813753560660302 0.022430460797332335 0.059507323119824318 -0.021170221891524389 -0.062228270392317334 0.065386024309619303 0.12982138375809105 -0.032286473344660963 0.054798685452258883 -0.057357863630900612 -0.043390593466881053 -0.044290719098761443 -0.039258429283297216 0.12884194974639537 -0.05653686251272233 0.041649873497234896 0.006551237727181203 0.017210142592919329 0.014818697206642662 0.11151233545432374 0.038498527886842451 -0.0059760298512628179 0.15779483711912257
leaf_weight=385.66777526587248 621.96769166737795 3308.7486702948809 5532.4633657038212 15740.955006852746 52.687002927064896 108.97295676800422 1484.8224441278726 79.308257475495338 53.012123048305511 23143.705310530961 90.789770592004061 186.41531897708774 548.56136482581496 38.168912388384342 62.102978318929672 196.39429348707199 134.13305171579123 1041.3877668175846 631.70520655252039 224.173110678792 160.42267215996981 38.669501952826977 564.5876944437623 2248.1837957687676 17563.883980896324 23012.185002001002 155.49068767949939 4269.8090089298785 926.01805100031197 52.372434951364994
leaf_count=852 994 1086 616 1691 240 24494 6921 164 59 2510 630 2039 463 94 439 52 1265 15603 6928 2414 708 395 4221 17228 135242 166565 837 27066 7207 234
internal_value=0 0.0294685 0.0204524 0.0570585 0.0455231 0.0164623 0.0165974 0.0087194 -0.0472357 0.0587899 0.030348 0.0221385 0.0530948 -0.0301731 0.0294206 0.0301715 0.0159525 0.0125063 0.0155196 -0.00933803 0.0174926 0.092836 0.018655 0.0182122 0.016645 0.0176164 0.0260301 0.0341342 0.0318417 0.00279049
internal_weight=0 78892.1 59461 19431.1 3690.15 53928.5 53819.6 381.402 105.699 23765.7 2410.86 1771.51 639.351 286.687 100.272 275.703 51408.7 20359 19317.6 1420.47 17897.1 199.092 788.761 31049.7 17698 30664.1 7651.87 5403.69 5248.2 978.39
internal_count=429257 425753 422461 3292 1601 421845 397351 515 299 3504 10586 9493 1093 2572 533 216 386765 166776 151173 13563 137610 1103 6635 219989 136507 219137 52572 35344 34507 7441
is_linear=0
shrinkage=0.05


Tree=28
num_leaves=31
num_cat=0
split_feature=12 1 34 1 9 5 15 9 51 51 9 26 23 44 15 4 53 15 26 9 15 9 1 8 1 0 26 1 1 53
split_gain=6370.99 7813.83 3625.26 245.393 223.81 410.998 256.589 186.146 185.784 238.079 198.141 222.892 167.871 147.026 327.24 258.578 263.265 368.818 451.264 716.585 431.103 509.325 443.286 527.422 430.447 383.887 453.449 459.83 380.166 369.492
threshold=1.0000000180025095e-35 1.8040788769721987 3.0000000000000004 2.6821991205215459 47.500000000000007 1.0000000180025095e-35 883.50000000000011 4.5000000000000009 17.500000000000004 3.0000000000000004 2062.5000000000005 994.50000000000011 1.0000000180025095e-35 0.75000000000000011 1026.5000000000002 18.500000000000004 -0.16456999069410572 369.50000000000006 1923.5000000000002 1085.5000000000002 476.50000000000006 1071.5000000000002 0.88084816932678234 0.35724052786827093 0.88697701692581188 0.4274390190839768 154.50000000000003 0.91346576809883129 1.1770987510681155 -0.17498859749186532
decision_type=2 2 2 2 2 2 2 2 2 2 2 2 2 2 2 2 2 2 2 2 2 2 2 2 2 2 2 2 2 2
left_child=1 2 8 4 5 6 -3 -2 9 10 12 -12 13 -1 15 16 17 -15 19 20 25 22 23 -22 -24 26 -19 29 -27 -28
right_child=7 3 -4 -5 -6 -7 -8 -9 -10 -11 11 -13 -14 14 -16 -17 -18 18 -20 -21 21 -23 24 -25 -26 28 27 -29 -30 -31
leaf_value=0.016717330246839489 0.030955121486292033 -0.12963630120880043 0.058726158234620997 0.059124591314708132 0.049914998015517728 0.038368771785214556 0.01572298741309627 0.058888042525557432 0.066542527422197142 -0.037475460956970623 0.16637852567746464 -0.020603081611019008 0.060760656975653554 -0.023870104133696019 -0.0552735314184334 -0.040316846481656898 0.019947764172549932 -0.056851914932903008 0.16049281677163585 -0.048221238659874772 -0.0567607737378387 0.23132023625590922 0.22662298285451721 0.3078242501314063 0.020971958352767855 0.30909617762682157 0.18997357641883994 -0.0048398554287878044 -0.056949432505582542 -0.057011818376039004
leaf_weight=45654.565900713205 612.86637528240681 68.539424046874046 5316.8693599700928 15130.757753163576 3029.6995386779308 430.65772123634815 54.499831676483154 22240.608274757862 177.49353981018066 212.82151571381837 16.445790983736515 516.27479385305196 206.938157081604 999.99456641450524 191.63331566937268 238.65552811324596 4540.8507158551365 64.109146621078253 51.218513377010822 403.42090807110071 288.60411946102977 25.790203981101513 26.536588154733181 10.272847689688204 618.40778020396829 30.823140151798725 106.03060017898679 71.138650957494974 9.2134746611118299 17.665542144328356
leaf_count=327369 994 326 616 1691 949 258 68 2510 13 3831 53 29852 19 8727 2654 2803 33385 617 173 3537 2816 40 96 10 4615 52 367 561 88 167
internal_value=0 0.0281421 0.0193176 0.0563383 0.0445731 0.0153432 -0.0652499 0.058139 0.0154715 0.0153046 0.0155123 -0.0148307 0.0158141 0.0156398 0.00924594 0.0108939 0.0125764 0.000284913 0.0143021 0.00982388 0.0282826 0.0120973 0.00610694 -0.0442294 0.0294336 0.0807727 0.0584947 0.0964487 0.224859 0.154701
internal_weight=0 78509.9 59795.8 18714.2 3583.4 553.697 123.039 22853.5 54478.9 54301.4 54088.6 532.721 53555.9 53348.9 7694.37 7502.73 7264.08 2723.23 1723.23 1672.01 1268.59 969.612 943.821 298.877 644.944 298.981 258.944 194.835 40.0366 123.696
internal_count=429257 425753 422461 3292 1601 652 394 3504 421845 421832 418001 29905 388096 388077 60708 58054 55251 21866 13139 12966 9429 7577 7537 2826 4711 1852 1712 1095 140 534
is_linear=0
shrinkage=0.05


Tree=29
num_leaves=31
num_cat=0
split_feature=12 1 34 1 9 5 15 9 51 51 9 26 23 9 4 15 26 26 1 4 26 50 8 9 1 1 53 9 26 15
split_gain=6444.62 7759.48 3553.44 248.204 214.439 375.273 229.873 190.406 178.633 216.041 177.047 185.309 163.626 139.009 138.088 324.796 499.844 444.506 142.848 278.461 475.671 355.806 429.867 409.321 293.398 217.76 252.596 268.909 280.748 206.449
threshold=1.0000000180025095e-35 1.8040788769721987 3.0000000000000004 2.6821991205215459 47.500000000000007 1.0000000180025095e-35 883.50000000000011 4.5000000000000009 17.500000000000004 3.0000000000000004 2062.5000000000005 994.50000000000011 1.0000000180025095e-35 1.0000000180025095e-35 20.500000000000004 231.50000000000003 729.50000000000011 931.50000000000011 0.47140471637248998 17.500000000000004 198.50000000000003 3.0109890699386601 0.3752934336662293 6.5000000000000009 0.42567221820354467 0.36147417128086096 -0.17271536915049365 203.50000000000003 112.50000000000001 263.50000000000006
decision_type=2 2 2 2 2 2 2 2 2 2 2 2 2 2 2 2 2 2 2 2 2 2 2 2 2 2 2 2 2 2
left_child=1 2 8 4 5 6 -3 -2 9 10 12 -12 14 -11 18 16 -16 -18 19 21 -21 22 -1 -23 29 -25 27 28 -27 -22
right_child=7 3 -4 -5 -6 -7 -8 -9 -10 13 11 -13 -14 -15 15 -17 17 -19 -20 20 24 23 -24 25 -26 26 -28 -29 -30 -31
leaf_value=0.068796367603852188 0.029842945652223753 -0.12267078627419531 0.058142735682462365 0.058525960077711214 0.049005601518878478 0.037259851544194672 0.015029954616343261 0.058306848309597516 0.06549864424779013 0.059644529326426249 0.14251735986866518 -0.019910664069976543 0.060128670007645192 -0.053949407610813176 -0.057088259901748407 -0.043294607862459415 0.27562990118288533 -0.057232086247637586 0.015494021099376762 -0.056436802954912407 -0.056690648739477427 0.11879997756202909 -0.055199938750194216 0.0040870540859467798 -0.056734933728351422 -0.060875003005802508 -0.035117602213235302 -0.057315105120006898 0.25516394213869192 0.13623655714104924
leaf_weight=314.08440870046616 604.14748517423868 68.801289826631546 5107.0239972621202 14536.300972029567 2934.064652711153 421.5358959287405 54.170779883861542 21361.447886407375 171.45921325683594 31.807958118617535 18.188623121008277 507.73877016012557 198.86202144622803 175.70123043237254 43.594866134226322 273.14710571616888 33.763478025794029 14.268241770565508 50858.281558888033 73.17612618394196 15.273942098021505 59.690391570329666 89.903990034013987 895.40885725803673 27.924076076596975 9.9344503208994848 1012.5965374298394 23.513608396053314 24.011507116258144 150.47788209468126
leaf_count=1463 994 326 616 1691 949 258 68 2510 13 15 53 29852 19 3816 546 3130 46 136 362631 827 154 118 1127 7242 282 88 9521 217 51 498
internal_value=0 0.02687 0.018246 0.055655 0.0436576 0.0148403 -0.0620118 0.057524 0.014543 0.0143837 0.014577 -0.0142933 0.0148576 -0.0365372 0.0146906 -0.0159686 0.0654926 0.17675 0.0148995 0.00368363 0.052166 -0.00164237 0.0412021 -0.0101892 0.0931991 -0.0141066 -0.0293307 0.0726498 0.162674 0.118458
internal_weight=0 78144.7 60129.8 18014.9 3478.57 544.508 122.972 21965.6 55022.8 54851.3 54643.8 525.927 54117.9 207.509 53919.1 364.774 91.6266 48.0317 53554.3 2696 266.852 2429.14 403.988 2025.16 193.676 1965.46 1070.06 57.4596 33.946 165.752
internal_count=429257 425753 422461 3292 1601 652 394 3504 421845 421832 418001 29905 388096 3831 388077 3858 728 182 384219 21588 1761 19827 2590 17237 934 17119 9877 356 139 652
is_linear=0
shrinkage=0.05


Tree=30
num_leaves=31
num_cat=0
split_feature=12 1 34 1 9 5 15 9 45 1 0 26 1 1 26 15 0 8 9 26 4 1 26 8 44 26 8 8 44 1
split_gain=6495.87 7681.47 3474.68 251.174 205.351 343.135 207.289 194.798 172.14 178.105 327.572 223.757 201.825 206.338 163.325 149.543 260.342 140.479 1219.33 326.95 505.189 364.666 355.377 347.446 486.121 317.301 272.297 266.466 260.175 239.399
threshold=1.0000000180025095e-35 1.8040788769721987 3.0000000000000004 2.6821991205215459 47.500000000000007 1.0000000180025095e-35 883.50000000000011 4.5000000000000009 1.0000000180025095e-35 1.3539888858795168 0.057039219886064536 3.5000000000000004 1.260329604148865 1.2716695070266726 2081.5000000000005 270.50000000000006 -0.035248501226305955 0.059724958613514907 260.50000000000006 210.50000000000003 13.500000000000002 0.81975653767585765 206.50000000000003 0.2760839462280274 0.75000000000000011 18.500000000000004 0.25030712783336645 0.064987856894731535 0.75000000000000011 0.82299482822418224
decision_type=2 2 2 2 2 2 2 2 2 2 2 2 2 2 2 2 2 2 2 2 2 2 2 2 2 2 2 2 2 2
left_child=1 2 8 4 5 6 -3 -2 14 10 15 -11 -12 -14 17 16 -10 25 19 22 -21 -22 27 26 -25 -1 -24 -19 29 -23
right_child=7 3 -4 -5 -6 -7 -8 -9 9 11 12 -13 13 -15 -16 -17 -18 18 -20 20 21 28 23 24 -26 -27 -28 -29 -30 -31
leaf_value=0.060889986196700364 0.028758280037796971 -0.11663634687491212 0.057593472825714614 0.057963351491626153 0.048118031012479932 0.036177125919711124 0.014364640466336133 0.05776041713191047 -0.063664471799677144 -0.039909963331723253 -0.061978653664010078 0.059585265836708423 0.11182784059310245 -0.032265538296170237 -0.051545774441882047 0.036218670169410834 0.030801795290906066 -0.057171344021776309 -0.043294474901246438 -0.044063044706311727 -0.039010755982494663 0.27577024306559134 -0.059228836968134059 -0.05801203546353545 0.17516475622919525 0.014747137471388087 0.16948030820577609 0.014294279964700375 -0.056448317035030317 0.042978735098039594
leaf_weight=377.00125854834914 595.80392930656672 68.743070542812347 4903.1060305088758 13958.163776487112 2841.1465866565704 412.67246630787849 53.854042157530785 20506.99104694277 112.24214943684638 62.784866096451879 182.54464281909168 565.25247559696436 41.433818891644478 62.052087536547333 97.557571160141379 1184.0525786397047 208.26081932894886 131.37681618332863 1020.030386143364 623.98153087683022 221.70147458091378 11.285958401858805 15.014281406998633 73.585450887680054 32.103370185941458 31667.115676965099 97.691989190876484 18156.933732356876 67.280470388010144 515.26738272421062
leaf_count=854 994 326 616 1691 949 258 68 2510 1089 526 2046 571 94 441 13353 5286 607 1265 15708 6928 2414 23 118 657 105 230097 223 135242 712 3486
internal_value=0 0.0256625 0.0172459 0.0550032 0.0427659 0.0143572 -0.0590907 0.0569416 0.0136832 0.0267285 0.0186929 0.0496387 -0.0303554 0.0254268 0.0130891 0.0280174 -0.00228088 0.013208 0.0100259 0.0127527 -0.0102001 0.015709 0.0145381 0.0779419 0.0128163 0.01529 0.139013 0.0137809 0.0361381 0.0479683
internal_weight=0 77764.2 60429.7 17334.6 3376.42 535.27 122.597 21102.8 55526.6 2418.62 1790.59 628.037 286.031 103.486 53107.9 1504.56 320.503 53010.4 20966.3 19946.2 1439.52 815.535 18506.7 218.395 105.689 32044.1 112.706 18288.3 593.834 526.553
internal_count=429257 425753 422461 3292 1601 652 394 3504 421845 10660 9563 1097 2581 535 411185 6982 1696 397832 166881 151173 13563 6635 137610 1103 762 230951 341 136507 4221 3509
is_linear=0
shrinkage=0.05


Tree=31
num_leaves=31
num_cat=0
split_feature=12 1 34 1 9 0 5 2 53 51 51 9 4 23 9 1 0 1 15 15 0 1 15 0 44 50 9 9 26 15
split_gain=6524.61 7581.45 3390.08 254.294 199.293 198.083 356.31 399.144 423.54 175.788 191.504 169.019 177.258 158.809 154.094 143.608 221.942 202.189 194.526 259.845 212.806 215.686 304.959 206.397 417.228 341.146 338.424 387.622 309.836 292.569
threshold=1.0000000180025095e-35 1.8040788769721987 3.0000000000000004 2.6821991205215459 4.5000000000000009 1.7540258765220644 1.0000000180025095e-35 1.0000000180025095e-35 0.028976188348011637 17.500000000000004 3.0000000000000004 2.5000000000000004 14.500000000000002 1.0000000180025095e-35 2115.5000000000005 1.3622040152549746 0.17840676754713061 1.3883618116378786 216.50000000000003 150.50000000000003 1.2243967056274416 1.4705570340156557 93.500000000000014 1.0326232314109804 0.75000000000000011 21.489689826965336 502.50000000000006 402.50000000000006 194.50000000000003 849.50000000000011
decision_type=2 2 2 2 2 2 2 2 2 2 2 2 2 2 2 2 2 2 2 2 2 2 2 2 2 2 2 2 2 2
left_child=1 2 9 5 -2 -3 7 -7 -9 10 13 12 -8 14 15 -1 17 -17 19 20 -18 22 -22 24 25 -20 27 28 29 -25
right_child=4 3 -4 -5 -6 6 11 8 -10 -11 -12 -13 -14 -15 -16 16 18 -19 23 -21 21 -23 -24 26 -26 -27 -28 -29 -30 -31
leaf_value=0.012020588077325254 0.027700863515717301 0.052920196336635431 0.057075406463682199 0.057433631116695527 0.057245756519436621 0.028856671741945103 -0.17056232650361103 -0.23701226813309903 -0.029155782863906101 0.064559567376519175 -0.036526754772791319 0.054860424940632424 0.017810148277423027 0.059130350143273669 -0.050239759870697356 -0.058827587144511397 -0.029228220756954266 0.091687704381375815 0.061889715241812748 -0.046518512297010255 -0.060318050073465225 5.6228232352060766e-05 0.11592915126704084 0.027204897730289824 -0.042921669399534929 0.021747089447607153 -0.060409214900731582 0.10829525393116757 -0.058322233293598459 -0.024209013379990131
leaf_weight=49857.203475736082 587.82732233405113 1816.1372325271368 4705.2398732826114 13396.770556263626 19677.779802560806 376.08994045853615 16.31619855761528 28.328902617096901 181.70502881705761 164.10861015319824 196.59215019014664 805.22752086818218 53.234690427780151 185.21822261810303 96.908464623149484 25.601101100444794 170.47291903197765 173.6587802618742 916.79592148959637 250.95567957125604 30.43880881741643 165.90382394753397 126.7242753058672 1447.1802864503115 168.67972653917968 1252.0684537440538 152.35479677468538 109.639903139323 146.22873851656914 342.10909619927406
leaf_count=364339 994 422 616 1691 2510 273 79 173 432 13 3831 166 56 19 24268 215 1015 154 2727 2031 277 1015 456 8686 1332 5431 1359 348 1490 2839
internal_value=0 0.024518 0.0163131 0.0543797 0.0563888 0.0418949 0.0281887 -0.00197799 -0.057191 0.0128869 0.012735 0.0484012 -0.0263808 0.0129091 0.0127546 0.012865 0.0205488 0.0723494 0.0185937 -0.00509385 0.0159698 0.0398195 0.0817942 0.0224824 0.0328247 0.0387157 0.011481 0.0168365 0.0116557 0.0173746
internal_weight=0 77357.9 60684.1 16673.8 20265.6 3277.04 1460.9 586.124 210.034 55978.8 55814.7 874.778 69.5509 55618.1 55432.9 55336 5478.81 199.26 5279.55 744.496 493.54 323.067 157.163 4535.06 2337.54 2168.86 2197.51 2045.16 1935.52 1789.29
internal_count=429257 425753 422461 3292 3504 1601 1179 878 605 421845 421832 301 135 418001 417982 393714 29375 369 29006 4794 2763 1748 733 24212 9490 8158 14722 13363 13015 11525
is_linear=0
shrinkage=0.05


Tree=32
num_leaves=31
num_cat=0
split_feature=12 1 34 1 9 0 5 2 53 51 51 9 23 4 26 13 23 26 53 9 26 8 9 1 0 1 15 15 0 9
split_gain=6536.01 7464.73 3301.68 257.915 203.859 193.592 337.465 355.683 324.945 168.515 174.318 160.109 153.839 149.303 147.262 136.354 162.334 292.953 357.123 371.339 135.172 131.52 130.406 128.929 203.21 244.181 176.454 221.947 227.9 187.45
threshold=1.0000000180025095e-35 1.8040788769721987 3.0000000000000004 2.6821991205215459 4.5000000000000009 1.7540258765220644 1.0000000180025095e-35 1.0000000180025095e-35 0.028976188348011637 17.500000000000004 3.0000000000000004 2.5000000000000004 1.0000000180025095e-35 14.500000000000002 2081.5000000000005 1.0000000180025095e-35 1.0000000180025095e-35 1.5000000000000002 0.16539948453100392 2.5000000000000004 122.50000000000001 0.32078690826892858 1.0000000180025095e-35 1.3622040152549746 0.19886361807584765 1.3883618116378786 216.50000000000003 150.50000000000003 1.2243967056274416 1352.5000000000002
decision_type=2 2 2 2 2 2 2 2 2 2 2 2 2 2 2 2 2 2 2 2 2 2 2 2 2 2 2 2 2 2
left_child=1 2 9 5 15 -3 7 -7 -9 10 12 13 14 -8 23 16 17 18 19 -2 21 -10 -12 -1 25 -25 27 28 -26 -30
right_child=4 3 -4 -5 -6 6 11 8 20 -11 22 -13 -14 -15 -16 -17 -18 -19 -20 -21 -22 -23 -24 24 26 -27 -28 -29 29 -31
leaf_value=0.011321711134641373 -0.063829821060879616 0.05218154547998221 0.056585845020916972 0.056933973235763463 0.056760159327172134 0.027952797633714162 -0.15192333664203247 -0.20087206517283801 -0.19491010397139885 0.063671325894158234 0.058220141398759806 0.054097142980301931 0.058607935841783435 0.01707021830669873 -0.051533446581052536 0.058702760329949359 0.059321944867642952 0.059415714287040892 0.0099411425264144208 -0.31479585845095603 0.038228654993358431 -0.037125231003739344 -0.053695646129675527 -0.057805846090953066 -0.037633720816450153 0.075394753423346353 0.020717991612483243 -0.0451214674369219 0.023821177524712023 0.14568340391135859
leaf_weight=50280.028032700298 50.351572223007679 1751.3988844007254 4513.5042733177543 12852.403978206217 18874.162360407412 369.02117145061493 17.371797293424606 31.655549198389053 14.943227156996725 158.2271556854248 31.055932074785233 776.48962271213531 177.71560859680176 52.777036771178246 91.017698822077364 211.25855222344398 109.67744064331055 90.3740234375 97.706807792186737 20.839918188750744 54.950057998299599 113.65850883722305 160.79994388855994 39.378217417513952 149.02676139422692 272.50629959208891 4481.7348837715108 240.69466663501225 295.67187558300793 35.326802378054708
leaf_count=374673 520 422 616 1691 2510 273 79 173 83 13 15 166 19 56 13284 24 11 9 274 156 29 320 3816 373 995 405 24477 2016 1703 56
internal_value=0 0.0234247 0.0154361 0.0537786 0.0558628 0.0410347 0.0273908 -0.00184013 -0.0529268 0.0121438 0.0119989 0.0475617 0.0121617 -0.0247797 0.012014 0.0266705 0.008329 -0.0132421 -0.0521197 -0.137295 -0.027412 -0.0554595 -0.0355797 0.0121177 0.0193754 0.058577 0.0170253 -0.00593732 0.0137104 0.0368273
internal_weight=0 76961.4 60926.7 16034.7 19454.4 3182.27 1430.87 584.229 215.207 56413.2 56255 846.638 56063.1 70.1488 55885.4 580.208 368.95 259.272 168.898 71.1915 183.552 128.602 191.856 55794.4 5514.34 311.885 5202.45 720.72 480.025 330.999
internal_count=429257 425753 422461 3292 3504 1601 1179 878 605 421845 421832 301 418001 135 417982 994 970 959 950 676 432 403 3831 404698 30025 778 29247 4770 2754 1759
is_linear=0
shrinkage=0.05


Tree=33
num_leaves=31
num_cat=0
split_feature=12 1 34 1 9 0 5 2 53 51 51 9 23 9 13 23 26 53 9 4 4 26 26 9 1 1 4 9 9 26
split_gain=6537.64 7335.61 3210.31 260.57 200.654 188.43 319.236 319.359 259.514 161.509 160.533 151.771 148.849 137.365 130.039 151.934 266.264 306.473 215.688 128.189 123.562 287.937 469.02 362.632 127.678 238.374 287.853 258.196 307.855 466.259
threshold=1.0000000180025095e-35 1.8040788769721987 3.0000000000000004 2.6821991205215459 4.5000000000000009 1.7540258765220644 1.0000000180025095e-35 1.0000000180025095e-35 0.028976188348011637 17.500000000000004 3.0000000000000004 2.5000000000000004 1.0000000180025095e-35 2115.5000000000005 1.0000000180025095e-35 1.0000000180025095e-35 1.5000000000000002 0.16539948453100392 2.5000000000000004 14.500000000000002 20.500000000000004 693.50000000000011 931.50000000000011 1435.5000000000002 0.47140471637248998 0.39551794528961187 19.500000000000004 116.50000000000001 1780.5000000000002 895.50000000000011
decision_type=2 2 2 2 2 2 2 2 2 2 2 2 2 2 2 2 2 2 2 2 2 2 2 2 2 2 2 2 2 2
left_child=1 2 9 5 14 -3 7 -7 -9 10 12 19 13 20 15 16 17 18 -2 -8 24 -22 23 -23 25 26 -1 -27 -29 -30
right_child=4 3 -4 -5 -6 6 11 8 -10 -11 -12 -13 -14 -15 -16 -17 -18 -19 -20 -21 21 22 -24 -25 -26 27 -28 28 29 -31
leaf_value=0.0099350073644571078 -0.063452577256848164 0.051463603015473695 0.056122337118465843 0.056461829790117074 0.056301173614286826 0.027066611391577275 -0.13777012582267181 -0.17579928908150308 -0.02596083774509321 0.062847737052235106 -0.035361275826042197 0.05336050725253845 0.058119576665331907 -0.05022467795400546 0.058136735561072253 0.058785108616010912 0.05887260771899161 0.0094571147766409139 -0.24337682119308401 0.016356888033756744 -0.056299459034570377 0.17286491996736308 -0.057451544667845737 -0.057845708002496291 0.01215988914273043 0.020275955240253912 0.15474971809278745 -0.045796286996202161 0.2302261529380154 -0.012723806206133895
leaf_weight=1653.9685118421912 48.173473499715328 1688.6358521133661 4327.9385181739926 12325.227943614125 18096.315806433558 362.22384065389633 18.17575840651989 34.285533264279366 183.8656359910965 152.43244934082031 183.64035056112334 748.55826538801193 170.43271732330322 90.51228051376529 202.86222016811371 105.25695419311523 86.739336967468262 97.575654871761799 25.459567606449127 52.336214408278465 208.4388574603945 64.127218548208475 77.41578615270555 23.191969595849514 53076.653369147331 325.44333913177252 35.042089279741049 657.27675345353782 25.883495170623064 83.318099960684776
leaf_count=12267 520 422 616 1691 2510 273 79 173 432 13 3831 166 19 24268 24 11 9 274 156 56 2772 143 780 216 367934 2337 141 6331 35 758
internal_value=0 0.0223807 0.0146112 0.0532077 0.0553842 0.0402199 0.0266526 -0.001717 -0.0495101 0.0114498 0.0113115 0.0467548 0.0114633 0.0113221 0.0260705 0.0081604 -0.0124973 -0.0486553 -0.125664 -0.0233722 0.0114211 -0.0172543 0.0321494 0.111588 0.0116127 0.00116929 0.0129395 -0.0170371 -0.0328801 0.0448614
internal_weight=0 76569 61155.7 15413.3 18662.4 3088.08 1399.45 580.375 218.151 56827.8 56675.3 819.07 56491.7 56321.3 566.067 363.205 257.948 171.209 73.633 70.512 56230.8 373.174 164.735 87.3192 55857.6 2780.93 1689.01 1091.92 766.478 109.202
internal_count=429257 425753 422461 3292 3504 1601 1179 878 605 421845 421832 301 418001 417982 994 970 959 950 676 135 393714 3911 1139 359 389803 21869 12408 9461 7124 793
is_linear=0
shrinkage=0.05


Tree=34
num_leaves=31
num_cat=0
split_feature=12 1 34 1 9 8 5 51 51 23 9 26 53 9 13 23 26 53 9 53 1 0 26 53 50 26 0 8 0 0
split_gain=6526.18 7194.91 3117.45 263.77 197.171 184.178 302.542 154.787 146.241 143.888 132.111 131.73 127.777 125.805 124.094 142.542 243.383 268.183 136.966 120.933 194.225 318.868 272.072 142.914 510.948 527.566 338.806 316.44 260.459 314.807
threshold=1.0000000180025095e-35 1.8040788769721987 3.0000000000000004 2.6821991205215459 4.5000000000000009 0.30173926055431372 1.0000000180025095e-35 17.500000000000004 3.0000000000000004 1.0000000180025095e-35 2.5000000000000004 2081.5000000000005 0.060297414465570361 1.0000000180025095e-35 1.0000000180025095e-35 1.0000000180025095e-35 1.5000000000000002 0.16539948453100392 2.5000000000000004 -0.19705026584118659 0.92770853638648998 -0.065783321857452379 312.50000000000006 -0.19025614009692171 22.384967803955082 931.50000000000011 -0.12049485743045805 0.044657880440354354 0.084211576730012908 0.075855899602174773
decision_type=2 2 2 2 2 2 2 2 2 2 2 2 2 2 2 2 2 2 2 2 2 2 2 2 2 2 2 2 2 2
left_child=1 2 7 5 14 -3 12 8 9 11 -8 19 -7 -10 15 16 17 18 -2 20 21 -1 -23 24 26 28 -21 -27 29 -26
right_child=4 3 -4 -5 -6 6 10 -9 13 -11 -12 -13 -14 -15 -16 -17 -18 -19 -20 23 -22 22 -24 -25 25 27 -28 -29 -30 -31
leaf_value=-0.058207799876245719 -0.063086778544567054 0.046721395310419578 0.055682667460721327 0.05601486222050437 0.055866554894512858 -0.0092001183006095062 -0.023075356065090046 0.062082860103202658 0.057655845201109661 0.057662593769241571 0.050307459079011435 -0.051508188311782235 -0.099832045484799584 -0.053450660719608224 0.057604455694464853 0.058283632605387853 0.058365370857358802 0.0089962075901193657 -0.20167227969409202 -0.031563517205602985 -0.058449381627682533 0.23580473203448915 -0.058475104447159303 0.010319537016587395 0.071968228327479275 -0.059102647582614215 0.018417850285797299 0.18185545616238027 -0.059174945172072425 0.25690018456960134
leaf_weight=40.294295214116573 46.083035685122013 2223.2699592038989 4148.5464100912213 11815.302830480039 17344.272577293217 206.58626635372639 71.043498083949089 146.73917293548584 30.747303366661072 163.37284088134766 448.68536777049303 85.05093766306527 47.907697573304176 148.65294235665351 194.70636343955994 100.96311283111572 83.207866668701172 97.449346266686916 29.078612521290779 425.1742044724524 151.35161526501179 25.529438383877277 11.344363175332544 53469.228491135174 658.45440358668566 128.2704675719142 1674.0158598124981 15.24471305310726 36.212681777775288 23.845679715275764
leaf_count=335 520 770 616 1691 2510 328 137 13 15 19 127 13284 239 3816 24 11 9 274 156 3397 1231 47 92 384274 3267 999 10727 12 280 37
internal_value=0 0.0213774 0.0138297 0.0526542 0.0549307 0.0394075 0.0184049 0.010796 0.0106642 0.0108063 0.0402765 0.0106714 -0.0262613 -0.0344082 0.0254983 0.007977 -0.0118773 -0.0457381 -0.116703 0.0107647 -0.025535 0.0390208 0.145268 0.0109117 0.0216039 0.0540146 0.00829452 -0.0335072 0.0714961 0.0784314
internal_weight=0 76194.9 61382.1 14812.8 17895.8 2997.49 774.223 57233.5 57086.8 56907.4 519.729 56744 254.494 179.4 551.488 356.782 255.819 172.611 75.1616 56659 228.52 77.1681 36.8738 56430.4 2961.22 862.028 2099.19 143.515 718.513 682.3
internal_count=429257 425753 422461 3292 3504 1601 831 421845 421832 418001 264 417982 567 3831 994 970 959 950 676 404698 1705 474 139 402993 18719 4595 14124 1011 3584 3304
is_linear=0
shrinkage=0.05


Tree=35
num_leaves=31
num_cat=0
split_feature=12 1 34 1 9 0 5 2 53 51 23 9 51 9 9 13 23 26 53 1 0 9 4 15 15 1 26 0 50 8
split_gain=6500.16 7042.28 3023.08 267.398 193.471 182.783 296.415 272.772 221.161 148.311 139.74 137.112 134.144 123.041 118.757 118.454 133.942 223.351 237.868 115.937 186.875 223.378 160.747 220.316 389.452 301.363 293.781 217.357 210.071 499.079
threshold=1.0000000180025095e-35 1.8040788769721987 3.0000000000000004 2.6821991205215459 4.5000000000000009 1.7540258765220644 1.0000000180025095e-35 1.0000000180025095e-35 0.028976188348011637 17.500000000000004 1.0000000180025095e-35 2.5000000000000004 3.0000000000000004 2115.5000000000005 1.0000000180025095e-35 1.0000000180025095e-35 1.0000000180025095e-35 1.5000000000000002 0.16539948453100392 1.3622040152549746 0.19886361807584765 1085.5000000000002 12.500000000000002 735.50000000000011 314.50000000000006 1.3792914748191836 1445.5000000000002 2.2803794145584111 21.698977470397953 0.27284006774425512
decision_type=2 2 2 2 2 2 2 2 2 2 2 2 2 2 2 2 2 2 2 2 2 2 2 2 2 2 2 2 2 2
left_child=1 2 9 5 15 -3 7 -7 -9 10 12 -8 13 19 -14 16 17 18 -2 -1 21 -21 23 24 25 -22 27 -26 29 -24
right_child=4 3 -4 -5 -6 6 11 8 -10 -11 -12 -13 14 -15 -16 -17 -18 -19 -20 20 22 -23 28 -25 26 -27 -28 -29 -30 -31
leaf_value=0.0094065063201707582 -0.10948415846169304 0.050145136702002879 0.055264797358667385 0.055590963966872513 0.055454281399549991 0.025154558724328247 -0.020769269900192483 -0.15910624449012187 -0.023757760302907119 0.061371447642281973 0.057234575049679021 0.052001997140489503 0.056251767175691081 -0.050210864618754382 -0.053311979258775448 0.057103040483785443 0.057814696451439399 0.057891127940774001 0.0085573493472133142 0.07031632102755267 0.095080194580984365 -0.059546653430551724 0.039279356455607747 -0.0010534234477992252 0.061772010296543937 -0.014684588690255216 -0.073908382888940471 -0.063565215827305954 -0.013871503364673729 -0.0078398283619787023
leaf_weight=51452.789331510663 76.007572963833809 1573.7223320305347 3975.3027053251863 11322.595738433301 16617.936048865318 347.99269103258848 71.354739636182785 36.111048176884651 183.80781050026417 141.15948581695557 156.53775024414062 697.02743381261826 29.959175817668438 84.54967588908039 141.76160894683562 186.79549987614155 96.79829216003418 79.781708717346191 97.327831581234932 273.83028407767415 72.173601344227791 37.669071353971958 1108.330819260329 591.12236227467656 996.2974115498364 468.10948840714991 44.41631393879652 35.834363590925932 843.61753979325294 1139.9989289827645
leaf_count=364339 676 422 616 1691 2510 273 135 173 432 13 19 166 15 24268 3816 24 11 9 274 429 305 313 4688 3385 3588 2826 309 313 4763 8456
internal_value=0 0.0204178 0.013093 0.0521165 0.0545 0.0385979 0.0249991 -0.00239254 -0.0459822 0.0101834 0.0100577 0.0452442 0.00992888 0.0100615 -0.034197 0.0249536 0.0077912 -0.011339 -0.0432039 0.0101508 0.0169752 0.0546122 0.0147631 0.0250677 0.0346177 -2.16835e-05 0.0520021 0.0574205 0.00740468 0.0153879
internal_weight=0 75826.1 61593.5 14232.6 17154.6 2910.02 1336.29 567.912 219.919 57618.2 57477 768.382 57320.5 57148.7 171.721 536.711 349.915 253.117 173.335 57064.2 5611.4 311.499 5299.9 2207.95 1616.83 540.283 1076.55 1032.13 3091.95 2248.33
internal_count=429257 425753 422461 3292 3504 1601 1179 878 605 421845 421832 301 421813 417982 3831 994 970 959 950 393714 29375 742 28633 10726 7341 3131 4210 3901 17907 13144
is_linear=0
shrinkage=0.05


Tree=36
num_leaves=31
num_cat=0
split_feature=12 1 34 1 9 0 5 2 53 51 23 9 51 26 13 23 26 53 26 9 8 4 4 26 26 9 1 50 8 1
split_gain=6459.02 6878.23 2927.03 270.794 187.869 178.238 280.423 245.101 186.904 142.043 134.744 130.642 123.963 118.277 112.781 126.242 207.261 221.912 112.574 112.144 112.096 110.768 110.222 264.027 397.123 282.169 110.833 226.524 370.122 295.007
threshold=1.0000000180025095e-35 1.8040788769721987 3.0000000000000004 2.6821991205215459 4.5000000000000009 1.7540258765220644 1.0000000180025095e-35 1.0000000180025095e-35 0.028976188348011637 17.500000000000004 1.0000000180025095e-35 2.5000000000000004 3.0000000000000004 2081.5000000000005 1.0000000180025095e-35 1.0000000180025095e-35 1.5000000000000002 0.16539948453100392 122.50000000000001 1.0000000180025095e-35 0.32078690826892858 14.500000000000002 20.500000000000004 693.50000000000011 931.50000000000011 1435.5000000000002 0.47140471637248998 3.0564708709716801 0.3752934336662293 0.36147417128086096
decision_type=2 2 2 2 2 2 2 2 2 2 2 2 2 2 2 2 2 2 2 2 2 2 2 2 2 2 2 2 2 2
left_child=1 2 9 5 14 -3 7 -7 -9 10 12 21 13 22 15 16 17 -2 20 -14 -10 -8 26 -24 25 -25 27 28 -1 -29
right_child=4 3 -4 -5 -6 6 11 8 18 -11 -12 -13 19 -15 -16 -17 -18 -19 -20 -21 -22 -23 23 24 -26 -27 -28 29 -30 -31
leaf_value=0.054008675514652799 -0.10671095708065875 0.04947363075550585 0.054866865108221807 0.055188184407292645 0.055062474672423138 0.024324419667598785 -0.1234117554138263 -0.1444833402604587 -0.17146225644486923 0.060708845014730367 0.056833330346367554 0.051326769358627837 0.054904514640733287 -0.051476694198236618 0.056629882264251134 0.057375759378954019 0.057447299688377043 0.0081395068411611385 0.037961855028746189 -0.053179496161223729 -0.030261583744695043 0.01749429533097276 -0.05611426514658216 0.14521462431440277 -0.057185879609150003 -0.057558014039299311 0.010258781679084261 0.012010036719532042 -0.055274652051236842 -0.023481530006510602
leaf_weight=377.4740371145308 74.132301948964596 1516.7765196710825 3808.1568067073822 10847.00287335366 15917.105361141264 342.02983935922384 18.923956826329231 37.731608614325523 16.019073888659477 135.70332717895508 149.92791891098022 671.53513465076685 29.179531797766685 79.429492067778483 179.13236336410046 92.763927936553955 76.462150573730469 97.211031094193459 54.521308928728104 135.17528000241145 114.69116142392159 53.038327410817146 202.37501189112663 71.830726593732834 75.291869575623423 22.54030080139637 54240.982335452223 1135.5868619561661 97.487430613487959 1208.6676577106118
leaf_count=1661 676 422 616 1691 2510 273 79 173 83 13 19 166 15 13284 24 11 9 274 29 3816 320 56 2772 143 893 216 378228 8338 1210 11237
internal_value=0 0.019507 0.0124041 0.0515969 0.0540966 0.0378092 0.024288 -0.00226478 -0.0430531 0.00961425 0.00949434 0.0444657 0.00937128 0.0094952 0.0245135 0.00762096 -0.0110043 -0.041551 -0.0223918 -0.0339903 -0.0475663 -0.0195598 0.00957952 -0.0175473 0.0284556 0.0967829 0.00975639 9.05794e-05 0.0315779 -0.00628896
internal_weight=0 75442.1 61769.8 13672.3 16436.8 2825.27 1308.49 564.993 222.963 57961.7 57825.9 743.497 57676 57511.7 519.702 340.569 247.805 171.343 185.232 164.355 130.71 71.9623 57432.2 372.038 169.663 94.371 57060.2 2819.22 474.961 2344.25
internal_count=429257 425753 422461 3292 3504 1601 1179 878 605 421845 421832 301 421813 417982 994 970 959 950 432 3831 403 135 404698 4024 1252 359 400674 22446 2871 19575
is_linear=0
shrinkage=0.05


Tree=37
num_leaves=31
num_cat=0
split_feature=12 1 34 1 9 0 5 2 53 51 23 9 51 9 9 1 1 15 15 4 26 8 8 15 50 26 1 26 53 1
split_gain=6405.65 6709.59 2830.93 272.984 182.633 172.938 265.231 221.486 160.346 136.018 129.829 127.044 114.671 112.423 275.26 374.099 438.951 517.731 410.168 374.025 430.869 367.945 356.14 334.343 320.91 312.544 285.548 334.66 352.904 293.415
threshold=1.0000000180025095e-35 1.8040788769721987 3.0000000000000004 2.6821991205215459 4.5000000000000009 1.7540258765220644 1.0000000180025095e-35 1.0000000180025095e-35 0.028976188348011637 17.500000000000004 1.0000000180025095e-35 5.5000000000000009 3.0000000000000004 1629.5000000000002 1267.5000000000002 0.48100189864635473 0.62551996111869823 266.50000000000006 389.50000000000006 12.500000000000002 1472.5000000000002 0.043945541605353362 0.041622387245297439 903.50000000000011 22.740905761718754 1472.5000000000002 1.1562951207160952 684.50000000000011 -0.13978261010983167 0.82927092909812938
decision_type=2 2 2 2 2 2 2 2 2 2 2 2 2 2 2 2 2 2 2 2 2 2 2 2 2 2 2 2 2 2
left_child=1 2 9 5 -2 -3 7 -7 -9 10 12 -8 13 14 -1 -16 17 -17 26 23 22 -20 -21 -19 -23 -26 29 28 -28 -18
right_child=4 3 -4 -5 -6 6 11 8 -10 -11 -12 -13 -14 -15 15 16 18 19 21 20 -22 24 -24 -25 25 -27 27 -29 -30 -31
leaf_value=0.0083803118056419729 0.024077586943096255 0.048813811124382211 0.054487162191564402 0.054804757543228701 0.054689424687115629 0.023511516912562258 0.0027628075136294258 -0.13288128277117686 -0.02125839224673166 0.060090912752223558 0.056456878079738176 0.054525960858989753 -0.033787298743209938 0.003099280064555017 -0.04178776171254709 -0.05884536908357331 0.012496649650150937 0.14363670135934212 -0.016959035122491677 0.13494700443208785 0.12544528022899432 0.015759582018702808 -0.034696216671259147 -0.057364882222464247 -0.060529563231521678 0.2789958583282644 -0.059793859087398739 -0.023720887991434403 0.13992575212560784 0.057747212965999696
leaf_weight=44220.315224323422 503.32649155333638 1461.8127880319953 3647.0363941118121 10388.350003443658 15241.486230656505 336.31075279414654 149.72740380465984 38.940614476799965 185.12362655997276 130.3786792755127 143.54270267486572 569.02408558875322 157.29331188858487 7164.019752754597 240.42596146464348 77.894893642514944 514.69012703001499 221.50459661707282 1113.0444499179721 38.432505212724209 100.87566588073969 2324.9832095988095 158.6442050896585 22.820152774453163 9.7583306506276148 22.193563237786293 31.964471362531185 353.39851407706738 71.806186266243458 1178.5455769859254
leaf_count=303318 994 422 616 1691 2510 273 202 173 432 13 19 99 3831 76031 2136 637 3087 782 7954 137 360 13419 1245 222 77 11 248 2330 119 5869
internal_value=0 0.0186335 0.0117518 0.0511014 0.0537108 0.0370655 0.0236392 -0.0021463 -0.0406576 0.00907823 0.00896388 0.0437429 0.00884639 0.00896228 0.00979071 0.019414 0.0217719 0.0616921 0.0173669 0.0790066 0.0414038 0.00673371 -0.0016136 0.124863 0.0179224 0.175302 0.0345251 -0.000539562 0.0784061 0.0439925
internal_weight=0 75072.9 61943.6 13129.3 15744.8 2740.94 1279.13 560.375 224.064 58296.5 58166.2 718.751 58022.6 57865.3 50701.3 6480.98 6240.56 620.172 5620.38 542.277 297.952 3469.98 197.077 244.325 2356.94 31.9519 2150.4 457.169 103.771 1693.24
internal_count=429257 425753 422461 3292 3504 1601 1179 878 605 421845 421832 301 421813 417982 341951 38633 36497 3383 33114 2746 1742 21461 1382 1004 13507 88 11653 2697 367 8956
is_linear=0
shrinkage=0.05


Tree=38
num_leaves=31
num_cat=0
split_feature=12 1 34 1 9 9 45 1 0 26 1 1 15 3 15 1 4 1 0 4 0 1 15 53 53 1 7 1 1 53
split_gain=6332.52 6533.81 2735.38 276.21 187.006 169.273 135.488 162.962 275.979 216.883 181.06 171.96 141.041 271.64 175.01 163.817 248.026 184.983 171.389 158.201 156.059 145.367 143.864 233.936 227.627 150.386 137.667 135.407 124.215 124.061
threshold=1.0000000180025095e-35 1.8040788769721987 3.0000000000000004 2.6821991205215459 4.5000000000000009 12.500000000000002 1.0000000180025095e-35 1.3539888858795168 0.057039219886064536 3.5000000000000004 1.260329604148865 1.2716695070266726 603.50000000000011 1.0000000180025095e-35 480.50000000000006 0.83225065469741832 13.500000000000002 0.95170083642005932 -0.74188098311424244 10.500000000000002 -0.18812106549739835 0.66727870702743541 337.50000000000006 -0.047835003073636438 -0.017952057748115643 0.8839365839958192 1.0000000180025095e-35 0.7075457274913789 0.79137718677520763 -0.087342574976339224
decision_type=2 2 2 2 2 2 2 2 2 2 2 2 2 2 2 2 2 2 2 2 2 2 2 2 2 2 2 2 2 2
left_child=1 2 6 5 -2 -3 -1 8 12 -9 -10 -12 13 14 21 16 27 -17 -19 -20 26 -8 25 -24 -25 -23 28 -14 -18 -27
right_child=4 3 -4 -5 -6 -7 7 9 10 -11 11 -13 15 -15 -16 17 20 18 19 -21 -22 22 23 24 -26 29 -28 -29 -30 -31
leaf_value=0.0080745248550905899 0.023155801486953544 -0.0018819028187598516 0.054124103810027829 0.054439039961355309 0.054333557688521633 0.040467900675755099 -0.068357204453016435 -0.046708824768355237 -0.062019358122613416 0.052966709189514051 0.094179452967384406 -0.033826566624676806 -0.067696028407281755 -0.058826365746947551 -0.051243523887014975 -0.063634634039042584 0.090873378688183612 0.19992746111871226 0.075384321262668211 -0.0018017828631657748 -0.10630059890663615 -0.071462562814473315 -0.078299078871934602 0.13292234766618483 -0.011858857363893518 0.076673785185437604 -0.059450353467568245 0.042780518010500583 0.1847772179918655 0.0093837334317890663
leaf_weight=56220.232362259645 497.35037755966187 261.68248946219683 3491.8511638268828 9946.4108336269855 14590.708372268826 2399.6843571290374 35.669213526882231 60.750847978517413 183.73762162798084 536.78364413511008 45.019811555743217 62.884146736003458 42.149791010189801 132.25925875641406 76.367487451992929 63.145959901623428 156.53244690853171 14.173926211893557 96.225226458627731 214.07038623839617 9.3797305438201857 41.366154967341572 21.855995725141838 109.76129707158543 36.069437548518181 98.26633819937706 12.428803030401467 81.105630687205121 45.439498316496611 226.10474318312481
leaf_count=411185 994 462 616 1691 2510 1139 347 526 2046 571 94 441 395 1330 549 554 392 4 187 965 65 337 154 192 172 78 120 246 64 831
internal_value=0 0.0177934 0.0111322 0.0506109 0.0533058 0.0363038 0.00857133 0.0202016 0.0127057 0.0428328 -0.0318285 0.0195802 0.0212935 0.00645321 0.0198294 0.0370038 0.0619567 0.0146631 0.0299009 0.0221343 0.0933274 0.0293668 0.0359015 0.0742497 0.0971125 0.0183192 0.102061 0.00500073 0.112 0.0297689
internal_weight=0 74721.4 62113.6 12607.8 15088.1 2661.37 58621.8 2401.55 1804.01 597.534 291.642 107.904 1512.37 777.72 645.461 734.651 347.036 387.615 324.47 310.296 223.78 569.093 533.424 167.687 145.831 365.737 214.401 123.255 201.972 324.371
internal_count=429257 425753 422461 3292 3504 1601 421845 10660 9563 1097 2581 535 6982 3990 2660 2992 1282 1710 1156 1152 641 2111 1764 518 364 1246 576 641 456 909
is_linear=0
shrinkage=0.05


end of trees

feature_importances:
behavioral_weight_ratio_to_avg=178
behavioral_total_historical_shipments=152
identity_account_age_days=128
payment_previous_transactions=126
anomaly_score=114
behavioral_weight_z_score=105
behavioral_package_count_ratio=69
behavioral_booking_hour=58
velocity_avg_daily_volume=42
identity_is_new_payment_for_account=36
device_accounts_linked=36
velocity_estimated_daily_rate=28
behavioral_is_new_destination=25
address_confidence_score=22
payment_is_new_payment_method=16
identity_password_changed_recently=13
behavioral_weight_exceeds_max=6
address_is_new_destination_for_shipper=6
behavioral_is_unusual_hour=4
velocity_is_weekend=3
identity_is_new_device=2
behavioral_is_unusual_service=1

parameters:
[boosting: gbdt]
[objective: binary]
[metric: average_precision]
[tree_learner: serial]
[device_type: cpu]
[data_sample_strategy: bagging]
[data: ]
[valid: ]
[num_iterations: 1000]
[learning_rate: 0.05]
[num_leaves: 31]
[num_threads: 0]
[seed: 42]
[deterministic: 0]
[force_col_wise: 0]
[force_row_wise: 0]
[histogram_pool_size: -1]
[max_depth: -1]
[min_data_in_leaf: 20]
[min_sum_hessian_in_leaf: 0.001]
[bagging_fraction: 1]
[pos_bagging_fraction: 1]
[neg_bagging_fraction: 1]
[bagging_freq: 0]
[bagging_seed: 400]
[feature_fraction: 1]
[feature_fraction_bynode: 1]
[feature_fraction_seed: 30056]
[extra_trees: 0]
[extra_seed: 12879]
[early_stopping_round: 0]
[first_metric_only: 0]
[max_delta_step: 0]
[lambda_l1: 0]
[lambda_l2: 0]
[linear_lambda: 0]
[min_gain_to_split: 0]
[drop_rate: 0.1]
[max_drop: 50]
[skip_drop: 0.5]
[xgboost_dart_mode: 0]
[uniform_drop: 0]
[drop_seed: 17869]
[top_rate: 0.2]
[other_rate: 0.1]
[min_data_per_group: 100]
[max_cat_threshold: 32]
[cat_l2: 10]
[cat_smooth: 10]
[max_cat_to_onehot: 4]
[top_k: 20]
[monotone_constraints: ]
[monotone_constraints_method: basic]
[monotone_penalty: 0]
[feature_contri: ]
[forcedsplits_filename: ]
[refit_decay_rate: 0.9]
[cegb_tradeoff: 1]
[cegb_penalty_split: 0]
[cegb_penalty_feature_lazy: ]
[cegb_penalty_feature_coupled: ]
[path_smooth: 0]
[interaction_constraints: ]
[verbosity: -1]
[saved_feature_importance_type: 0]
[use_quantized_grad: 0]
[num_grad_quant_bins: 4]
[quant_train_renew_leaf: 0]
[stochastic_rounding: 1]
[linear_tree: 0]
[max_bin: 255]
[max_bin_by_feature: ]
[min_data_in_bin: 3]
[bin_construct_sample_cnt: 200000]
[data_random_seed: 175]
[is_enable_sparse: 1]
[enable_bundle: 1]
[use_missing: 1]
[zero_as_missing: 0]
[feature_pre_filter: 1]
[pre_partition: 0]
[two_round: 0]
[header: 0]
[label_column: ]
[weight_column: ]
[group_column: ]
[ignore_column: ]
[categorical_feature: ]
[forcedbins_filename: ]
[precise_float_parser: 0]
[parser_config_file: ]
[objective_seed: 16083]
[num_class: 1]
[is_unbalance: 0]
[scale_pos_weight: 75.3124]
[sigmoid: 1]
[boost_from_average: 1]
[reg_sqrt: 0]
[alpha: 0.9]
[fair_c: 1]
[poisson_max_delta_step: 0.7]
[tweedie_variance_power: 1.5]
[lambdarank_truncation_level: 30]
[lambdarank_norm: 1]
[label_gain: ]
[lambdarank_position_bias_regularization: 0]
[eval_at: ]
[multi_error_top_k: 1]
[auc_mu_weights: ]
[num_machines: 1]
[local_listen_port: 12400]
[time_out: 120]
[machine_list_filename: ]
[machines: ]
[gpu_platform_id: -1]
[gpu_device_id: -1]
[gpu_use_dp: 0]
[num_gpu: 1]

end of parameters

pandas_categorical:null
